"Date","Region","New_Tests","Total_Tests","Positivity","Turn_Around"
2020-01-23,"BC",2,2,0,32
2020-01-23,"Fraser",0,0,0,0
2020-01-23,"Interior",0,0,0,0
2020-01-23,"Northern",0,0,0,0
2020-01-23,"Unknown",0,0,0,0
2020-01-23,"Vancouver Coastal",2,2,0,32
2020-01-23,"Vancouver Island",0,0,0,0
2020-01-25,"BC",4,6,0,68
2020-01-25,"Fraser",3,3,0,72
2020-01-25,"Interior",0,0,0,0
2020-01-25,"Northern",0,0,0,0
2020-01-25,"Unknown",0,0,0,0
2020-01-25,"Vancouver Coastal",0,0,0,0
2020-01-25,"Vancouver Island",1,1,0,56
2020-01-26,"BC",20,26,0,88.4
2020-01-26,"Fraser",13,16,0,94.8
2020-01-26,"Interior",0,0,0,0
2020-01-26,"Northern",0,0,0,0
2020-01-26,"Unknown",0,0,0,0
2020-01-26,"Vancouver Coastal",7,9,0,76.6
2020-01-26,"Vancouver Island",0,0,0,0
2020-01-27,"BC",10,36,0,63.2
2020-01-27,"Fraser",4,20,0,44
2020-01-27,"Interior",0,0,0,0
2020-01-27,"Northern",0,0,0,0
2020-01-27,"Unknown",0,0,0,0
2020-01-27,"Vancouver Coastal",6,15,0,76
2020-01-27,"Vancouver Island",0,0,0,0
2020-01-28,"BC",3,39,0,88
2020-01-28,"Fraser",3,23,0,88
2020-01-28,"Interior",0,0,0,0
2020-01-28,"Northern",0,0,0,0
2020-01-28,"Unknown",0,0,0,0
2020-01-28,"Vancouver Coastal",0,0,0,0
2020-01-28,"Vancouver Island",0,0,0,0
2020-01-29,"BC",26,65,0,56.9
2020-01-29,"Fraser",15,38,0,64
2020-01-29,"Interior",0,0,0,0
2020-01-29,"Northern",1,1,0,104
2020-01-29,"Unknown",0,0,0,0
2020-01-29,"Vancouver Coastal",8,23,0,44
2020-01-29,"Vancouver Island",2,3,0,32
2020-01-30,"BC",33,98,1.02,55.3
2020-01-30,"Fraser",14,52,0,61.1
2020-01-30,"Interior",0,0,0,0
2020-01-30,"Northern",0,0,0,0
2020-01-30,"Unknown",0,0,0,0
2020-01-30,"Vancouver Coastal",18,41,0,50.7
2020-01-30,"Vancouver Island",1,4,0,56
2020-01-31,"BC",23,121,0.84,42.4
2020-01-31,"Fraser",18,70,0,45.3
2020-01-31,"Interior",1,1,0,32
2020-01-31,"Northern",0,0,0,0
2020-01-31,"Unknown",0,0,0,0
2020-01-31,"Vancouver Coastal",4,45,0,32
2020-01-31,"Vancouver Island",0,0,0,0
2020-02-01,"BC",24,145,0.72,37
2020-02-01,"Fraser",13,83,0,33.8
2020-02-01,"Interior",2,3,0,32
2020-02-01,"Northern",0,0,0,0
2020-02-01,"Unknown",0,0,0,0
2020-02-01,"Vancouver Coastal",7,52,1.92,38.9
2020-02-01,"Vancouver Island",2,6,0,56
2020-02-02,"BC",16,161,1.48,42.5
2020-02-02,"Fraser",5,88,0,56
2020-02-02,"Interior",0,0,0,0
2020-02-02,"Northern",0,0,0,0
2020-02-02,"Unknown",0,0,0,0
2020-02-02,"Vancouver Coastal",9,61,3.39,26.7
2020-02-02,"Vancouver Island",2,8,0,80
2020-02-03,"BC",56,217,1.1,46.6
2020-02-03,"Fraser",40,128,0,46.4
2020-02-03,"Interior",0,0,0,0
2020-02-03,"Northern",0,0,0,0
2020-02-03,"Unknown",0,0,0,0
2020-02-03,"Vancouver Coastal",15,76,2.99,46.4
2020-02-03,"Vancouver Island",1,9,0,56
2020-02-04,"BC",50,267,3.51,45.4
2020-02-04,"Fraser",17,145,0,41.9
2020-02-04,"Interior",9,12,0,72
2020-02-04,"Northern",0,0,0,0
2020-02-04,"Unknown",3,3,0,71.4
2020-02-04,"Vancouver Coastal",9,85,2.86,56
2020-02-04,"Vancouver Island",12,21,19.05,16
2020-02-05,"BC",35,302,2.95,42.3
2020-02-05,"Fraser",19,164,0,34.5
2020-02-05,"Interior",1,13,0,56
2020-02-05,"Northern",1,2,0,152
2020-02-05,"Unknown",0,0,0,0
2020-02-05,"Vancouver Coastal",9,94,1.41,37.3
2020-02-05,"Vancouver Island",5,26,16,56
2020-02-06,"BC",63,365,2.62,36.2
2020-02-06,"Fraser",32,196,0,29.8
2020-02-06,"Interior",3,16,0,112
2020-02-06,"Northern",0,0,0,0
2020-02-06,"Unknown",0,0,0,0
2020-02-06,"Vancouver Coastal",22,116,1.33,26.5
2020-02-06,"Vancouver Island",6,32,13.79,68
2020-02-07,"BC",41,406,2.46,35.5
2020-02-07,"Fraser",28,224,0,34.6
2020-02-07,"Interior",0,0,0,0
2020-02-07,"Northern",0,0,0,0
2020-02-07,"Unknown",0,0,0,0
2020-02-07,"Vancouver Coastal",7,123,1.28,42.3
2020-02-07,"Vancouver Island",6,38,11.76,32
2020-02-08,"BC",30,436,2.41,40.8
2020-02-08,"Fraser",20,244,0,35.6
2020-02-08,"Interior",1,17,0,56
2020-02-08,"Northern",2,4,0,80
2020-02-08,"Unknown",0,0,0,0
2020-02-08,"Vancouver Coastal",6,129,1.3,40
2020-02-08,"Vancouver Island",1,39,12.12,56
2020-02-09,"BC",10,446,2.11,20
2020-02-09,"Fraser",0,0,0,0
2020-02-09,"Interior",0,0,0,0
2020-02-09,"Northern",0,0,0,0
2020-02-09,"Unknown",2,5,0,32
2020-02-09,"Vancouver Coastal",8,137,0,17
2020-02-09,"Vancouver Island",0,0,0,0
2020-02-10,"BC",37,483,2.26,60.5
2020-02-10,"Fraser",11,255,0,84.4
2020-02-10,"Interior",0,0,0,0
2020-02-10,"Northern",0,0,0,0
2020-02-10,"Unknown",0,0,0,0
2020-02-10,"Vancouver Coastal",24,161,0,48
2020-02-10,"Vancouver Island",2,41,12.12,80
2020-02-11,"BC",70,553,0,60.5
2020-02-11,"Fraser",39,294,0,55.4
2020-02-11,"Interior",4,21,0,80
2020-02-11,"Northern",1,5,0,80
2020-02-11,"Unknown",0,0,0,0
2020-02-11,"Vancouver Coastal",19,180,0,76.2
2020-02-11,"Vancouver Island",7,48,10.26,32
2020-02-12,"BC",55,608,0,36.8
2020-02-12,"Fraser",28,322,0,28.6
2020-02-12,"Interior",6,27,0,56
2020-02-12,"Northern",0,0,0,0
2020-02-12,"Unknown",0,0,0,0
2020-02-12,"Vancouver Coastal",15,195,0,43.2
2020-02-12,"Vancouver Island",6,54,0,40
2020-02-13,"BC",91,699,0.6,36
2020-02-13,"Fraser",55,377,0,29.8
2020-02-13,"Interior",2,29,7.69,56
2020-02-13,"Northern",1,6,0,80
2020-02-13,"Unknown",0,0,0,0
2020-02-13,"Vancouver Coastal",27,222,0,41.8
2020-02-13,"Vancouver Island",6,60,0,52
2020-02-14,"BC",44,743,0.59,41.8
2020-02-14,"Fraser",13,390,0,32
2020-02-14,"Interior",2,31,10.53,56
2020-02-14,"Northern",0,0,0,0
2020-02-14,"Unknown",0,0,0,0
2020-02-14,"Vancouver Coastal",25,247,0,41.6
2020-02-14,"Vancouver Island",4,64,0,68
2020-02-15,"BC",12,755,0.63,38
2020-02-15,"Fraser",1,391,0,32
2020-02-15,"Interior",4,35,9.09,56
2020-02-15,"Northern",0,0,0,0
2020-02-15,"Unknown",0,0,0,0
2020-02-15,"Vancouver Coastal",7,254,0,28.6
2020-02-15,"Vancouver Island",0,0,0,0
2020-02-16,"BC",29,784,0.59,64.3
2020-02-16,"Fraser",8,399,0,74
2020-02-16,"Interior",0,0,0,0
2020-02-16,"Northern",2,8,0,104
2020-02-16,"Unknown",0,0,0,0
2020-02-16,"Vancouver Coastal",11,265,0,60.4
2020-02-16,"Vancouver Island",8,72,0,50
2020-02-17,"BC",4,788,0.66,20
2020-02-17,"Fraser",1,400,0,8
2020-02-17,"Interior",0,0,0,0
2020-02-17,"Northern",0,0,0,0
2020-02-17,"Unknown",0,0,0,0
2020-02-17,"Vancouver Coastal",3,268,0,24
2020-02-17,"Vancouver Island",0,0,0,0
2020-02-18,"BC",101,889,1.19,53.9
2020-02-18,"Fraser",57,457,1.23,62.7
2020-02-18,"Interior",0,0,0,0
2020-02-18,"Northern",4,12,0,56
2020-02-18,"Unknown",0,0,0,0
2020-02-18,"Vancouver Coastal",36,304,0,38.7
2020-02-18,"Vancouver Island",4,76,0,62
2020-02-19,"BC",57,946,1.18,62.3
2020-02-19,"Fraser",28,485,1.23,55.1
2020-02-19,"Interior",10,45,6.9,113.6
2020-02-19,"Northern",0,0,0,0
2020-02-19,"Unknown",0,0,0,0
2020-02-19,"Vancouver Coastal",17,321,0,44.7
2020-02-19,"Vancouver Island",2,78,0,56
2020-02-20,"BC",65,1011,0.64,46.4
2020-02-20,"Fraser",37,522,1.38,43.7
2020-02-20,"Interior",6,51,5.88,72
2020-02-20,"Northern",0,0,0,0
2020-02-20,"Unknown",0,0,0,0
2020-02-20,"Vancouver Coastal",20,341,0,45.2
2020-02-20,"Vancouver Island",2,80,0,32
2020-02-21,"BC",45,1056,1.28,38.9
2020-02-21,"Fraser",29,551,2.48,36.1
2020-02-21,"Interior",0,0,0,0
2020-02-21,"Northern",0,0,0,0
2020-02-21,"Unknown",0,0,0,0
2020-02-21,"Vancouver Coastal",16,357,0,44
2020-02-21,"Vancouver Island",0,0,0,0
2020-02-22,"BC",46,1102,1.73,40.5
2020-02-22,"Fraser",20,571,3.33,51.2
2020-02-22,"Interior",3,54,6.06,24
2020-02-22,"Northern",0,0,0,0
2020-02-22,"Unknown",2,7,0,11.4
2020-02-22,"Vancouver Coastal",19,376,0,30.7
2020-02-22,"Vancouver Island",2,82,0,80
2020-02-23,"BC",17,1119,1.79,33.4
2020-02-23,"Fraser",11,582,3.28,42.9
2020-02-23,"Interior",2,56,6.9,8
2020-02-23,"Northern",0,0,0,0
2020-02-23,"Unknown",0,0,0,0
2020-02-23,"Vancouver Coastal",4,380,0,20
2020-02-23,"Vancouver Island",0,0,0,0
2020-02-24,"BC",62,1181,1.53,43.8
2020-02-24,"Fraser",38,620,2.73,50.3
2020-02-24,"Interior",0,0,0,0
2020-02-24,"Northern",0,0,0,0
2020-02-24,"Unknown",1,8,0,19.9
2020-02-24,"Vancouver Coastal",23,403,0,34.1
2020-02-24,"Vancouver Island",0,0,0,0
2020-02-25,"BC",77,1258,1.08,50.3
2020-02-25,"Fraser",48,668,1.9,54
2020-02-25,"Interior",1,57,0,104
2020-02-25,"Northern",4,16,0,8
2020-02-25,"Unknown",1,9,0,4
2020-02-25,"Vancouver Coastal",18,421,0,34.7
2020-02-25,"Vancouver Island",5,87,0,104
2020-02-26,"BC",139,1397,0.89,38.3
2020-02-26,"Fraser",76,744,1.54,35.8
2020-02-26,"Interior",2,59,0,80
2020-02-26,"Northern",3,19,0,64
2020-02-26,"Unknown",3,12,0,21.2
2020-02-26,"Vancouver Coastal",53,474,0,40.2
2020-02-26,"Vancouver Island",2,89,0,32
2020-02-27,"BC",127,1524,0.78,41.1
2020-02-27,"Fraser",63,807,1.4,38.9
2020-02-27,"Interior",2,61,0,56
2020-02-27,"Northern",1,20,0,80
2020-02-27,"Unknown",7,19,0,16.1
2020-02-27,"Vancouver Coastal",53,527,0,45.6
2020-02-27,"Vancouver Island",1,90,0,56
2020-02-28,"BC",150,1674,0.32,45.6
2020-02-28,"Fraser",83,890,0.59,37.5
2020-02-28,"Interior",11,72,0,95.3
2020-02-28,"Northern",0,0,0,0
2020-02-28,"Unknown",2,21,0,28.8
2020-02-28,"Vancouver Coastal",44,571,0,42.9
2020-02-28,"Vancouver Island",10,100,0,72.8
2020-02-29,"BC",106,1780,0.44,39.1
2020-02-29,"Fraser",60,950,0.53,31.6
2020-02-29,"Interior",4,76,0,68
2020-02-29,"Northern",5,25,0,41.6
2020-02-29,"Unknown",1,22,0,19.4
2020-02-29,"Vancouver Coastal",23,594,0.46,45.6
2020-02-29,"Vancouver Island",13,113,0,54.2
2020-03-01,"BC",74,1854,0.54,31
2020-03-01,"Fraser",32,982,0.5,32.8
2020-03-01,"Interior",0,0,0,0
2020-03-01,"Northern",0,0,0,0
2020-03-01,"Unknown",4,26,0,19
2020-03-01,"Vancouver Coastal",37,631,0.4,31.4
2020-03-01,"Vancouver Island",1,114,0,8
2020-03-02,"BC",200,2054,0.69,49.5
2020-03-02,"Fraser",107,1089,0.85,54.2
2020-03-02,"Interior",0,0,0,0
2020-03-02,"Northern",0,0,0,0
2020-03-02,"Unknown",4,30,0,22.3
2020-03-02,"Vancouver Coastal",80,711,0.32,43.2
2020-03-02,"Vancouver Island",9,123,0,61.3
2020-03-03,"BC",335,2389,0.71,48.8
2020-03-03,"Fraser",125,1214,0.73,38.1
2020-03-03,"Interior",67,143,0,75
2020-03-03,"Northern",10,35,0,77.6
2020-03-03,"Unknown",13,43,0,20.8
2020-03-03,"Vancouver Coastal",94,805,0.78,44.4
2020-03-03,"Vancouver Island",26,149,0,52
2020-03-04,"BC",290,2679,0.7,50.9
2020-03-04,"Fraser",96,1310,0.88,51.7
2020-03-04,"Interior",17,160,0,57.5
2020-03-04,"Northern",12,47,0,94
2020-03-04,"Unknown",9,52,0,30.9
2020-03-04,"Vancouver Coastal",138,943,0.64,48.8
2020-03-04,"Vancouver Island",18,167,0,37.4
2020-03-05,"BC",308,2987,1.23,44.8
2020-03-05,"Fraser",113,1423,1.14,41.3
2020-03-05,"Interior",27,187,0,64
2020-03-05,"Northern",11,58,0,116
2020-03-05,"Unknown",11,63,0,18.7
2020-03-05,"Vancouver Coastal",93,1036,1.96,35.2
2020-03-05,"Vancouver Island",53,220,0,51
2020-03-06,"BC",809,3796,1.13,50.1
2020-03-06,"Fraser",349,1772,0.91,51.5
2020-03-06,"Interior",60,247,0,56.8
2020-03-06,"Northern",21,79,0,68.6
2020-03-06,"Unknown",19,82,0,22.2
2020-03-06,"Vancouver Coastal",279,1315,2.02,48.1
2020-03-06,"Vancouver Island",81,301,0,48
2020-03-07,"BC",505,4301,1.19,47.5
2020-03-07,"Fraser",212,1984,1.26,45.4
2020-03-07,"Interior",77,324,0,79.7
2020-03-07,"Northern",5,84,0,60.8
2020-03-07,"Unknown",28,110,0,18.7
2020-03-07,"Vancouver Coastal",162,1477,1.81,40.9
2020-03-07,"Vancouver Island",21,322,0,36.2
2020-03-08,"BC",438,4739,1.14,48.9
2020-03-08,"Fraser",195,2179,1.25,38.2
2020-03-08,"Interior",57,381,0,79
2020-03-08,"Northern",23,107,0,93.2
2020-03-08,"Unknown",30,140,0,21.9
2020-03-08,"Vancouver Coastal",59,1536,1.99,39.9
2020-03-08,"Vancouver Island",74,396,0,59.1
2020-03-09,"BC",526,5265,1.31,45.5
2020-03-09,"Fraser",203,2382,1.39,49.3
2020-03-09,"Interior",10,391,0,119
2020-03-09,"Northern",2,109,1.19,115
2020-03-09,"Unknown",46,186,0,21.1
2020-03-09,"Vancouver Coastal",151,1687,2.25,50.7
2020-03-09,"Vancouver Island",114,510,0.26,34.7
2020-03-10,"BC",808,6073,1.41,57.5
2020-03-10,"Fraser",269,2651,1.53,61
2020-03-10,"Interior",146,537,0,91.8
2020-03-10,"Northern",4,113,2.56,103
2020-03-10,"Unknown",51,237,0,21.8
2020-03-10,"Vancouver Coastal",228,1915,2.43,56.3
2020-03-10,"Vancouver Island",110,620,0.21,20.5
2020-03-11,"BC",1214,7287,1.63,49.2
2020-03-11,"Fraser",375,3026,1.34,50.7
2020-03-11,"Interior",90,627,0,81.7
2020-03-11,"Northern",58,171,2.42,84.8
2020-03-11,"Unknown",35,272,0,23.5
2020-03-11,"Vancouver Coastal",426,2341,3.22,47.3
2020-03-11,"Vancouver Island",230,850,0.29,32.4
2020-03-12,"BC",1145,8432,1.41,43
2020-03-12,"Fraser",324,3350,1.3,47.6
2020-03-12,"Interior",184,811,0,76.2
2020-03-12,"Northern",20,191,2.26,63.4
2020-03-12,"Unknown",12,284,0,35.2
2020-03-12,"Vancouver Coastal",391,2732,2.48,39.6
2020-03-12,"Vancouver Island",214,1064,0.59,12.4
2020-03-13,"BC",1470,9902,1.44,40.2
2020-03-13,"Fraser",492,3842,1.21,47.1
2020-03-13,"Interior",120,931,0,52
2020-03-13,"Northern",21,212,2.26,71
2020-03-13,"Unknown",12,296,0,28.8
2020-03-13,"Vancouver Coastal",601,3333,2.53,40.9
2020-03-13,"Vancouver Island",224,1288,0.71,14.9
2020-03-14,"BC",1551,11453,1.43,42.5
2020-03-14,"Fraser",557,4399,0.91,46
2020-03-14,"Interior",250,1181,0,54.9
2020-03-14,"Northern",56,268,1.63,80.3
2020-03-14,"Unknown",15,311,0,39.4
2020-03-14,"Vancouver Coastal",494,3827,2.77,38.4
2020-03-14,"Vancouver Island",179,1467,0.87,14.6
2020-03-15,"BC",1777,13230,1.6,55.3
2020-03-15,"Fraser",605,5004,1.2,64.2
2020-03-15,"Interior",206,1387,0.4,43.3
2020-03-15,"Northern",35,303,1.53,103.7
2020-03-15,"Unknown",35,346,0,65.4
2020-03-15,"Vancouver Coastal",732,4559,2.65,55.7
2020-03-15,"Vancouver Island",164,1631,1.05,23.8
2020-03-16,"BC",3478,16708,1.56,68.9
2020-03-16,"Fraser",1505,6509,1.02,74.6
2020-03-16,"Interior",339,1726,0.3,66.3
2020-03-16,"Northern",70,373,0.76,102.7
2020-03-16,"Unknown",59,405,0,76.2
2020-03-16,"Vancouver Coastal",1162,5721,2.65,72.2
2020-03-16,"Vancouver Island",343,1974,1.43,26.6
2020-03-17,"BC",3041,19749,1.74,56.4
2020-03-17,"Fraser",1051,7560,1.43,56
2020-03-17,"Interior",333,2059,0.26,68.9
2020-03-17,"Northern",179,552,0.23,92.5
2020-03-17,"Unknown",36,441,0,63
2020-03-17,"Vancouver Coastal",1065,6786,2.67,57.9
2020-03-17,"Vancouver Island",377,2351,1.73,24.3
2020-03-18,"BC",1150,20899,1.97,37
2020-03-18,"Fraser",257,7817,1.63,49.1
2020-03-18,"Interior",45,2104,0.27,82.7
2020-03-18,"Northern",54,606,0,79
2020-03-18,"Unknown",11,452,0,56.4
2020-03-18,"Vancouver Coastal",532,7318,2.89,35.6
2020-03-18,"Vancouver Island",251,2602,2.28,9.3
2020-03-19,"BC",1331,22230,2.22,36.5
2020-03-19,"Fraser",383,8200,1.92,45.4
2020-03-19,"Interior",18,2122,0.61,98
2020-03-19,"Northern",53,659,0,98.8
2020-03-19,"Unknown",31,483,0,40.2
2020-03-19,"Vancouver Coastal",790,8108,2.99,26.5
2020-03-19,"Vancouver Island",56,2658,2.51,37.2
2020-03-20,"BC",1387,23617,2.6,38.3
2020-03-20,"Fraser",345,8545,2.53,48
2020-03-20,"Interior",160,2282,0.89,76.7
2020-03-20,"Northern",10,669,0,81.5
2020-03-20,"Unknown",17,500,0,27.3
2020-03-20,"Vancouver Coastal",577,8685,3.27,25.7
2020-03-20,"Vancouver Island",278,2936,2.73,29.7
2020-03-21,"BC",2094,25711,3.1,58.2
2020-03-21,"Fraser",487,9032,3.43,64.7
2020-03-21,"Interior",633,2915,1.21,82.1
2020-03-21,"Northern",58,727,0.22,89.9
2020-03-21,"Unknown",17,517,0,48.4
2020-03-21,"Vancouver Coastal",502,9187,3.77,35.9
2020-03-21,"Vancouver Island",397,3333,2.73,36.1
2020-03-22,"BC",1937,27648,3.25,58.8
2020-03-22,"Fraser",696,9728,3.43,67
2020-03-22,"Interior",352,3267,1.49,64.9
2020-03-22,"Northern",113,840,0.19,115.2
2020-03-22,"Unknown",23,540,0,71.8
2020-03-22,"Vancouver Coastal",450,9637,4.19,40.9
2020-03-22,"Vancouver Island",303,3636,2.84,37.4
2020-03-23,"BC",1893,29541,3.92,62.3
2020-03-23,"Fraser",919,10647,4.37,71.8
2020-03-23,"Interior",114,3381,2.05,77.8
2020-03-23,"Northern",46,886,0.58,109
2020-03-23,"Unknown",21,561,0,112.1
2020-03-23,"Vancouver Coastal",585,10222,4.78,48.5
2020-03-23,"Vancouver Island",208,3844,3.21,35.2
2020-03-24,"BC",2416,31957,4.18,44.6
2020-03-24,"Fraser",749,11396,4.51,45.2
2020-03-24,"Interior",526,3907,2.71,72.9
2020-03-24,"Northern",16,902,1.14,97.6
2020-03-24,"Unknown",14,575,0,35.3
2020-03-24,"Vancouver Coastal",728,10950,5.19,28.8
2020-03-24,"Vancouver Island",383,4227,3.04,32.7
2020-03-25,"BC",2347,34304,4.14,54.1
2020-03-25,"Fraser",1071,12467,4.28,57.1
2020-03-25,"Interior",333,4240,2.76,58.8
2020-03-25,"Northern",129,1031,1.18,79.6
2020-03-25,"Unknown",27,602,0,61.2
2020-03-25,"Vancouver Coastal",727,11677,5.37,37
2020-03-25,"Vancouver Island",60,4287,2.85,122.4
2020-03-26,"BC",2518,36822,4.1,48.8
2020-03-26,"Fraser",666,13133,4.46,36
2020-03-26,"Interior",743,4983,2.62,82.7
2020-03-26,"Northern",156,1187,1.7,91.1
2020-03-26,"Unknown",16,618,0,26.8
2020-03-26,"Vancouver Coastal",554,12231,5.72,19.5
2020-03-26,"Vancouver Island",383,4670,2.49,31.6
2020-03-27,"BC",1999,38821,3.97,34.7
2020-03-27,"Fraser",696,13829,4.26,34.9
2020-03-27,"Interior",375,5358,2.44,45.7
2020-03-27,"Northern",105,1292,1.61,78.4
2020-03-27,"Unknown",15,633,0,20.6
2020-03-27,"Vancouver Coastal",427,12658,6.04,19.2
2020-03-27,"Vancouver Island",381,5051,2.17,29.2
2020-03-28,"BC",1919,40740,3.77,39.3
2020-03-28,"Fraser",690,14519,3.75,39.6
2020-03-28,"Interior",424,5782,2.58,49.4
2020-03-28,"Northern",99,1391,1.66,76
2020-03-28,"Unknown",7,640,0,137.7
2020-03-28,"Vancouver Coastal",386,13044,5.86,23.6
2020-03-28,"Vancouver Island",313,5364,2.17,30.7
2020-03-29,"BC",1427,42167,3.78,30.2
2020-03-29,"Fraser",505,15024,3.89,30.4
2020-03-29,"Interior",321,6103,2.47,37.5
2020-03-29,"Northern",42,1433,1.85,69.7
2020-03-29,"Unknown",14,654,0,29.1
2020-03-29,"Vancouver Coastal",327,13371,5.92,18.1
2020-03-29,"Vancouver Island",218,5582,1.85,29.3
2020-03-30,"BC",1128,43295,3.78,38.2
2020-03-30,"Fraser",428,15452,4.08,46.6
2020-03-30,"Interior",115,6218,2.47,39
2020-03-30,"Northern",47,1480,1.68,95.9
2020-03-30,"Unknown",8,662,0,47.3
2020-03-30,"Vancouver Coastal",363,13734,6.15,24.3
2020-03-30,"Vancouver Island",167,5749,1.31,29.6
2020-03-31,"BC",887,44182,3.91,36.5
2020-03-31,"Fraser",475,15927,4.19,36.9
2020-03-31,"Interior",8,6226,2.33,109.5
2020-03-31,"Northern",71,1551,1.54,87.8
2020-03-31,"Unknown",6,668,0,41.3
2020-03-31,"Vancouver Coastal",322,14056,6.54,22.1
2020-03-31,"Vancouver Island",5,5754,1.24,76.7
2020-04-01,"BC",1162,45344,3.91,26.6
2020-04-01,"Fraser",435,16362,4.54,29.7
2020-04-01,"Interior",219,6445,2.45,27.2
2020-04-01,"Northern",16,1567,1.68,88.9
2020-04-01,"Unknown",13,681,0,22.3
2020-04-01,"Vancouver Coastal",278,14334,6.51,15.8
2020-04-01,"Vancouver Island",201,5955,1.08,29.8
2020-04-02,"BC",1146,46490,4.12,29.1
2020-04-02,"Fraser",504,16866,4.39,24.6
2020-04-02,"Interior",17,6462,2.3,64.7
2020-04-02,"Northern",105,1672,1.86,83.9
2020-04-02,"Unknown",10,691,0,30.8
2020-04-02,"Vancouver Coastal",300,14634,7.2,15
2020-04-02,"Vancouver Island",210,6165,1.2,30
2020-04-03,"BC",1132,47622,4.23,29.3
2020-04-03,"Fraser",410,17276,4.41,30.6
2020-04-03,"Interior",207,6669,2.9,31.3
2020-04-03,"Northern",42,1714,1.9,73.4
2020-04-03,"Unknown",7,698,0,23.2
2020-04-03,"Vancouver Coastal",242,14876,6.94,16.1
2020-04-03,"Vancouver Island",224,6389,1.49,31.1
2020-04-04,"BC",1137,48759,4.25,27.6
2020-04-04,"Fraser",474,17750,4.52,25.8
2020-04-04,"Interior",164,6833,2.85,28.5
2020-04-04,"Northern",58,1772,2.1,80.9
2020-04-04,"Unknown",15,713,0,23.5
2020-04-04,"Vancouver Coastal",239,15115,6.81,18.2
2020-04-04,"Vancouver Island",187,6576,1.32,27.3
2020-04-05,"BC",719,49478,4.25,28.9
2020-04-05,"Fraser",148,17898,4.73,27
2020-04-05,"Interior",144,6977,2.86,23.8
2020-04-05,"Northern",57,1829,2.27,91
2020-04-05,"Unknown",11,724,0,29.1
2020-04-05,"Vancouver Coastal",195,15310,6.5,14.7
2020-04-05,"Vancouver Island",164,6740,1.3,30.4
2020-04-06,"BC",1066,50544,4.39,31.3
2020-04-06,"Fraser",446,18344,5.29,37.4
2020-04-06,"Interior",123,7100,2.27,24
2020-04-06,"Northern",53,1882,1.99,64
2020-04-06,"Unknown",14,738,0,24.6
2020-04-06,"Vancouver Coastal",281,15591,6.57,20.9
2020-04-06,"Vancouver Island",149,6889,1.23,27.5
2020-04-07,"BC",1015,51559,4.47,28.1
2020-04-07,"Fraser",402,18746,5.78,31.9
2020-04-07,"Interior",172,7272,2.58,29.6
2020-04-07,"Northern",18,1900,2.01,44.9
2020-04-07,"Unknown",6,744,0,20.9
2020-04-07,"Vancouver Coastal",207,15798,6.66,19.2
2020-04-07,"Vancouver Island",210,7099,1.19,27.2
2020-04-08,"BC",1270,52829,4.45,28.3
2020-04-08,"Fraser",474,19220,6.12,29.5
2020-04-08,"Interior",187,7459,2.07,23.4
2020-04-08,"Northern",75,1975,2.21,89.9
2020-04-08,"Unknown",18,762,0,37.5
2020-04-08,"Vancouver Coastal",329,16127,6.08,16.9
2020-04-08,"Vancouver Island",187,7286,1.28,24.5
2020-04-09,"BC",1300,54129,4.32,27.3
2020-04-09,"Fraser",523,19743,6.4,29.5
2020-04-09,"Interior",165,7624,2.41,21.9
2020-04-09,"Northern",88,2063,1.79,74.9
2020-04-09,"Unknown",18,780,0,22.7
2020-04-09,"Vancouver Coastal",313,16440,5.32,14.7
2020-04-09,"Vancouver Island",193,7479,0.99,25.2
2020-04-10,"BC",1394,55523,4.3,28.1
2020-04-10,"Fraser",550,20293,6.6,30
2020-04-10,"Interior",187,7811,2.1,22.2
2020-04-10,"Northern",70,2133,1.91,70.4
2020-04-10,"Unknown",13,793,0,95.5
2020-04-10,"Vancouver Coastal",369,16809,5.07,18.3
2020-04-10,"Vancouver Island",205,7684,0.69,27.3
2020-04-11,"BC",807,56330,4.32,25.1
2020-04-11,"Fraser",244,20537,6.93,27
2020-04-11,"Interior",121,7932,2.46,20.2
2020-04-11,"Northern",51,2184,1.94,51
2020-04-11,"Unknown",12,805,0,23.4
2020-04-11,"Vancouver Coastal",192,17001,4.61,16.8
2020-04-11,"Vancouver Island",187,7871,0.77,27.6
2020-04-12,"BC",848,57178,4.43,26.5
2020-04-12,"Fraser",403,20940,6.74,28.5
2020-04-12,"Interior",139,8071,2.93,24.2
2020-04-12,"Northern",5,2189,1.94,44.6
2020-04-12,"Unknown",2,807,0,4.7
2020-04-12,"Vancouver Coastal",152,17153,4.45,20.7
2020-04-12,"Vancouver Island",147,8018,1.02,28.8
2020-04-13,"BC",758,57936,4.3,31.9
2020-04-13,"Fraser",238,21178,6.32,29
2020-04-13,"Interior",111,8182,3.7,43.4
2020-04-13,"Northern",85,2274,2.3,60.3
2020-04-13,"Unknown",12,819,0,19.5
2020-04-13,"Vancouver Coastal",203,17356,4.08,19.2
2020-04-13,"Vancouver Island",109,8127,1.37,29.5
2020-04-14,"BC",986,58922,4.4,23.9
2020-04-14,"Fraser",338,21516,6.25,25.9
2020-04-14,"Interior",118,8300,3.79,30.5
2020-04-14,"Northern",46,2320,2.38,68.6
2020-04-14,"Unknown",21,840,0,20.2
2020-04-14,"Vancouver Coastal",333,17689,4.34,15.9
2020-04-14,"Vancouver Island",130,8257,1.64,17.9
2020-04-15,"BC",1370,60292,4.4,22.3
2020-04-15,"Fraser",548,22064,6.36,27.1
2020-04-15,"Interior",171,8471,3.95,25.8
2020-04-15,"Northern",42,2362,2.58,41.8
2020-04-15,"Unknown",24,864,0,15
2020-04-15,"Vancouver Coastal",381,18070,3.91,15
2020-04-15,"Vancouver Island",204,8461,1.79,16.5
2020-04-16,"BC",1429,61721,4.32,22.2
2020-04-16,"Fraser",572,22636,6.19,24.3
2020-04-16,"Interior",193,8664,3.56,30.9
2020-04-16,"Northern",81,2443,2.37,39
2020-04-16,"Unknown",30,894,0,21.1
2020-04-16,"Vancouver Coastal",338,18408,4.07,15
2020-04-16,"Vancouver Island",215,8676,1.84,14.3
2020-04-17,"BC",1276,62997,4.08,22.9
2020-04-17,"Fraser",441,23077,5.78,26.6
2020-04-17,"Interior",162,8826,3.55,26.1
2020-04-17,"Northern",30,2473,2.65,38
2020-04-17,"Unknown",13,907,0,31.4
2020-04-17,"Vancouver Coastal",392,18800,3.72,19.6
2020-04-17,"Vancouver Island",238,8914,1.95,16.7
2020-04-18,"BC",1151,64148,4.05,23.2
2020-04-18,"Fraser",311,23388,5.58,26.7
2020-04-18,"Interior",136,8962,3.3,26.3
2020-04-18,"Northern",70,2543,3.06,39.9
2020-04-18,"Unknown",8,915,0,20.7
2020-04-18,"Vancouver Coastal",423,19223,3.83,18.5
2020-04-18,"Vancouver Island",203,9117,2.01,19.7
2020-04-19,"BC",1113,65261,3.97,25.6
2020-04-19,"Fraser",489,23877,5.58,29.6
2020-04-19,"Interior",140,9102,2.72,27.8
2020-04-19,"Northern",12,2555,3.28,41.7
2020-04-19,"Unknown",13,928,0,22.8
2020-04-19,"Vancouver Coastal",301,19524,3.8,19.8
2020-04-19,"Vancouver Island",158,9275,1.91,21.6
2020-04-20,"BC",1233,66494,3.89,24.9
2020-04-20,"Fraser",551,24428,5.69,26
2020-04-20,"Interior",170,9272,2.2,27.1
2020-04-20,"Northern",85,2640,2.73,42.2
2020-04-20,"Unknown",8,936,0,24.7
2020-04-20,"Vancouver Coastal",244,19768,3.48,20.3
2020-04-20,"Vancouver Island",175,9450,2.04,17.6
2020-04-21,"BC",1535,68029,3.95,21.5
2020-04-21,"Fraser",639,25067,5.52,22.6
2020-04-21,"Interior",168,9440,2.02,36.6
2020-04-21,"Northern",70,2710,2.56,30.9
2020-04-21,"Unknown",15,951,0,15.9
2020-04-21,"Vancouver Coastal",436,20204,4.14,16.2
2020-04-21,"Vancouver Island",207,9657,1.71,13.9
2020-04-22,"BC",1979,70008,3.46,21.6
2020-04-22,"Fraser",636,25703,4.56,23.2
2020-04-22,"Interior",371,9811,1.79,29.1
2020-04-22,"Northern",106,2816,1.98,28.1
2020-04-22,"Unknown",19,970,0,18.3
2020-04-22,"Vancouver Coastal",603,20807,4.02,16.5
2020-04-22,"Vancouver Island",244,9901,1.6,16
2020-04-23,"BC",2480,72488,3.4,23.3
2020-04-23,"Fraser",944,26647,4.76,25.6
2020-04-23,"Interior",337,10148,1.48,29.5
2020-04-23,"Northern",130,2946,1.79,33.4
2020-04-23,"Unknown",24,994,0,26.4
2020-04-23,"Vancouver Coastal",643,21450,3.78,19
2020-04-23,"Vancouver Island",402,10303,1.54,16.6
2020-04-24,"BC",2601,75089,3.31,23.8
2020-04-24,"Fraser",963,27610,4.9,26.6
2020-04-24,"Interior",430,10578,1.26,29.4
2020-04-24,"Northern",112,3058,1.54,28.8
2020-04-24,"Unknown",34,1028,0,19.4
2020-04-24,"Vancouver Coastal",658,22108,3.6,19.7
2020-04-24,"Vancouver Island",404,10707,1.28,17.1
2020-04-25,"BC",2369,77458,3.03,23.2
2020-04-25,"Fraser",656,28266,4.67,28.1
2020-04-25,"Interior",339,10917,1.13,28
2020-04-25,"Northern",130,3188,0.93,25.5
2020-04-25,"Unknown",17,1045,0,20.3
2020-04-25,"Vancouver Coastal",766,22874,3.34,19.7
2020-04-25,"Vancouver Island",461,11168,0.98,18.2
2020-04-26,"BC",2189,79647,2.86,26.2
2020-04-26,"Fraser",963,29229,4.39,30.3
2020-04-26,"Interior",257,11174,1.35,33.1
2020-04-26,"Northern",100,3288,0.68,33.4
2020-04-26,"Unknown",13,1058,0,25.2
2020-04-26,"Vancouver Coastal",536,23410,3.06,19.7
2020-04-26,"Vancouver Island",320,11488,0.86,17.2
2020-04-27,"BC",2108,81755,2.76,23.1
2020-04-27,"Fraser",931,30160,4.27,27.6
2020-04-27,"Interior",257,11431,1.16,26.5
2020-04-27,"Northern",72,3360,1.25,25.3
2020-04-27,"Unknown",28,1086,0,25.9
2020-04-27,"Vancouver Coastal",495,23905,2.97,17.8
2020-04-27,"Vancouver Island",325,11813,0.55,14.9
2020-04-28,"BC",2873,84628,2.39,22.7
2020-04-28,"Fraser",1215,31375,4.01,26.1
2020-04-28,"Interior",404,11835,0.88,26.8
2020-04-28,"Northern",88,3448,1.22,31.3
2020-04-28,"Unknown",23,1109,0,22.4
2020-04-28,"Vancouver Coastal",698,24603,2.14,17.4
2020-04-28,"Vancouver Island",445,12258,0.5,16.4
2020-04-29,"BC",2651,87279,2.33,22
2020-04-29,"Fraser",921,32296,4.08,23.9
2020-04-29,"Interior",346,12181,0.89,31
2020-04-29,"Northern",133,3581,1.57,31.5
2020-04-29,"Unknown",23,1132,0,19
2020-04-29,"Vancouver Coastal",773,25376,1.88,17.3
2020-04-29,"Vancouver Island",455,12713,0.36,16.6
2020-04-30,"BC",2768,90047,2.03,25
2020-04-30,"Fraser",974,33270,3.47,26.5
2020-04-30,"Interior",438,12619,0.93,34
2020-04-30,"Northern",187,3768,1.82,31.7
2020-04-30,"Unknown",22,1154,0,29.8
2020-04-30,"Vancouver Coastal",683,26059,1.67,20.2
2020-04-30,"Vancouver Island",464,13177,0.24,17.5
2020-05-01,"BC",2688,92735,1.97,24.4
2020-05-01,"Fraser",931,34201,3.44,26
2020-05-01,"Interior",404,13023,0.82,35.1
2020-05-01,"Northern",133,3901,1.78,31.6
2020-05-01,"Unknown",22,1176,0,19.6
2020-05-01,"Vancouver Coastal",683,26742,1.6,19.6
2020-05-01,"Vancouver Island",515,13692,0.27,18.1
2020-05-02,"BC",2782,95517,1.94,27.6
2020-05-02,"Fraser",929,35130,3.37,29.5
2020-05-02,"Interior",411,13434,0.83,37.7
2020-05-02,"Northern",164,4065,1.94,26.7
2020-05-02,"Unknown",21,1197,0,25.4
2020-05-02,"Vancouver Coastal",844,27586,1.55,24.2
2020-05-02,"Vancouver Island",413,14105,0.24,20.9
2020-05-03,"BC",1948,97465,1.97,24.6
2020-05-03,"Fraser",698,35828,3.52,26.2
2020-05-03,"Interior",306,13740,0.58,34.5
2020-05-03,"Northern",75,4140,2.23,25.3
2020-05-03,"Unknown",15,1212,0,25
2020-05-03,"Vancouver Coastal",472,28058,1.66,20.1
2020-05-03,"Vancouver Island",382,14487,0.2,19.1
2020-05-04,"BC",1711,99176,1.87,17.9
2020-05-04,"Fraser",517,36345,3.46,20.2
2020-05-04,"Interior",277,14017,0.62,24
2020-05-04,"Northern",57,4197,1.91,19.1
2020-05-04,"Unknown",18,1230,0,16.9
2020-05-04,"Vancouver Coastal",541,28599,1.51,14.2
2020-05-04,"Vancouver Island",301,14788,0.17,14.7
2020-05-05,"BC",2078,101254,1.87,21.8
2020-05-05,"Fraser",902,37247,3.46,23.6
2020-05-05,"Interior",264,14281,0.7,33.2
2020-05-05,"Northern",91,4288,2.26,23.1
2020-05-05,"Unknown",25,1255,0,17.9
2020-05-05,"Vancouver Coastal",472,29071,1.45,15.8
2020-05-05,"Vancouver Island",324,15112,0.14,15.9
2020-05-06,"BC",2282,103536,1.84,22.3
2020-05-06,"Fraser",753,38000,3.33,24.1
2020-05-06,"Interior",389,14670,0.52,29
2020-05-06,"Northern",120,4408,1.81,31.4
2020-05-06,"Unknown",12,1267,0,22.4
2020-05-06,"Vancouver Coastal",622,29693,1.71,18.1
2020-05-06,"Vancouver Island",386,15498,0.14,16.1
2020-05-07,"BC",2405,105941,1.89,22.2
2020-05-07,"Fraser",870,38870,3.48,23.8
2020-05-07,"Interior",400,15070,0.41,29
2020-05-07,"Northern",132,4540,1.55,30.4
2020-05-07,"Unknown",23,1290,0,16.5
2020-05-07,"Vancouver Coastal",604,30297,1.79,17.4
2020-05-07,"Vancouver Island",376,15874,0.19,16.2
2020-05-08,"BC",1982,107923,1.84,19.9
2020-05-08,"Fraser",707,39577,3.16,21.1
2020-05-08,"Interior",298,15368,0.43,29
2020-05-08,"Northern",119,4659,1.72,25.5
2020-05-08,"Unknown",23,1313,0,17.5
2020-05-08,"Vancouver Coastal",504,30801,2.02,14.8
2020-05-08,"Vancouver Island",331,16205,0.12,15.3
2020-05-09,"BC",1793,109716,1.85,23
2020-05-09,"Fraser",678,40255,3.34,23.2
2020-05-09,"Interior",333,15701,0.49,30.9
2020-05-09,"Northern",62,4721,1.68,26.7
2020-05-09,"Unknown",27,1340,0,27.6
2020-05-09,"Vancouver Coastal",445,31246,1.78,18.9
2020-05-09,"Vancouver Island",248,16453,0.09,17.6
2020-05-10,"BC",1266,110982,1.75,21.6
2020-05-10,"Fraser",448,40703,3.1,25.4
2020-05-10,"Interior",186,15887,0.56,23.6
2020-05-10,"Northern",62,4783,1.71,27.6
2020-05-10,"Unknown",11,1351,0,22.1
2020-05-10,"Vancouver Coastal",363,31609,1.66,17.3
2020-05-10,"Vancouver Island",196,16649,0.09,16.8
2020-05-11,"BC",1279,112261,1.69,19.1
2020-05-11,"Fraser",379,41082,2.93,20.2
2020-05-11,"Interior",174,16061,0.59,23.3
2020-05-11,"Northern",50,4833,1.89,27.9
2020-05-11,"Unknown",21,1372,0,25.3
2020-05-11,"Vancouver Coastal",445,32054,1.62,17.2
2020-05-11,"Vancouver Island",210,16859,0.1,14.8
2020-05-12,"BC",1739,114000,1.59,19.7
2020-05-12,"Fraser",711,41793,2.79,21.3
2020-05-12,"Interior",212,16273,0.55,27.3
2020-05-12,"Northern",46,4879,1.35,23
2020-05-12,"Unknown",13,1385,0,18.3
2020-05-12,"Vancouver Coastal",501,32555,1.58,16.6
2020-05-12,"Vancouver Island",256,17115,0.1,14.5
2020-05-13,"BC",2083,116083,1.65,20.5
2020-05-13,"Fraser",765,42558,3.09,22.6
2020-05-13,"Interior",298,16571,0.53,24.1
2020-05-13,"Northern",86,4965,1.8,28.7
2020-05-13,"Unknown",20,1405,0,21.2
2020-05-13,"Vancouver Coastal",546,33101,1.29,17.1
2020-05-13,"Vancouver Island",368,17483,0.1,16.1
2020-05-14,"BC",2180,118263,1.58,22
2020-05-14,"Fraser",749,43307,3.07,21.2
2020-05-14,"Interior",353,16924,0.54,30.8
2020-05-14,"Northern",96,5061,1.92,37.6
2020-05-14,"Unknown",20,1425,0,20.8
2020-05-14,"Vancouver Coastal",634,33735,1.13,18.8
2020-05-14,"Vancouver Island",328,17811,0,15.9
2020-05-15,"BC",1642,119905,1.56,22.3
2020-05-15,"Fraser",601,43908,3.28,23.5
2020-05-15,"Interior",216,17140,0.56,39.3
2020-05-15,"Northern",84,5145,2.06,27.6
2020-05-15,"Unknown",14,1439,0,18.7
2020-05-15,"Vancouver Coastal",407,34142,0.69,15.7
2020-05-15,"Vancouver Island",320,18131,0.05,15.8
2020-05-16,"BC",1806,121711,1.49,23.2
2020-05-16,"Fraser",654,44562,3.06,21.9
2020-05-16,"Interior",336,17476,0.51,32
2020-05-16,"Northern",75,5220,2,28.1
2020-05-16,"Unknown",9,1448,0,25.5
2020-05-16,"Vancouver Coastal",447,34589,0.78,20.8
2020-05-16,"Vancouver Island",285,18416,0.05,17.8
2020-05-17,"BC",1305,123016,1.45,22.5
2020-05-17,"Fraser",475,45037,2.95,21.7
2020-05-17,"Interior",228,17704,0.39,29.4
2020-05-17,"Northern",51,5271,1.64,37
2020-05-17,"Unknown",12,1460,0,16.8
2020-05-17,"Vancouver Coastal",359,34948,0.9,20.2
2020-05-17,"Vancouver Island",180,18596,0.05,16.7
2020-05-18,"BC",1159,124175,1.43,20.3
2020-05-18,"Fraser",517,45554,2.82,20.8
2020-05-18,"Interior",132,17836,0.23,25.5
2020-05-18,"Northern",34,5305,1.48,22.4
2020-05-18,"Unknown",16,1476,0,17.6
2020-05-18,"Vancouver Coastal",315,35263,0.97,17.6
2020-05-18,"Vancouver Island",145,18741,0.05,19.2
2020-05-19,"BC",1362,125537,1.41,19.3
2020-05-19,"Fraser",476,46030,2.78,22.8
2020-05-19,"Interior",170,18006,0.35,21.7
2020-05-19,"Northern",36,5341,1.73,30.5
2020-05-19,"Unknown",14,1490,0,17.7
2020-05-19,"Vancouver Coastal",477,35740,0.91,15.7
2020-05-19,"Vancouver Island",189,18930,0.06,15.1
2020-05-20,"BC",1783,127320,1.31,20.9
2020-05-20,"Fraser",600,46630,2.5,24
2020-05-20,"Interior",285,18291,0.35,29
2020-05-20,"Northern",83,5424,1.31,24.4
2020-05-20,"Unknown",16,1506,0,17.2
2020-05-20,"Vancouver Coastal",492,36232,0.96,15
2020-05-20,"Vancouver Island",307,19237,0.11,15.7
2020-05-21,"BC",2016,129336,1.44,20.1
2020-05-21,"Fraser",797,47427,2.65,21.6
2020-05-21,"Interior",257,18548,0.43,24.1
2020-05-21,"Northern",91,5515,1.76,28.3
2020-05-21,"Unknown",26,1532,0,15.6
2020-05-21,"Vancouver Coastal",532,36764,0.99,17.6
2020-05-21,"Vancouver Island",313,19550,0.17,15.7
2020-05-22,"BC",1720,131056,1.3,21.9
2020-05-22,"Fraser",602,48029,2.21,22.9
2020-05-22,"Interior",279,18827,0.47,33.1
2020-05-22,"Northern",88,5603,1.31,26.5
2020-05-22,"Unknown",21,1553,0,16.9
2020-05-22,"Vancouver Coastal",410,37174,1.19,17.1
2020-05-22,"Vancouver Island",320,19870,0.12,15.4
2020-05-23,"BC",1914,132970,1.28,22.4
2020-05-23,"Fraser",709,48738,2.16,24.5
2020-05-23,"Interior",220,19047,0.38,29.9
2020-05-23,"Northern",82,5685,1.51,23.7
2020-05-23,"Unknown",18,1571,0,22.5
2020-05-23,"Vancouver Coastal",590,37764,1.17,19.1
2020-05-23,"Vancouver Island",295,20165,0.11,17.9
2020-05-24,"BC",1349,134319,1.23,21.8
2020-05-24,"Fraser",545,49283,2.14,23.9
2020-05-24,"Interior",245,19292,0.38,23.5
2020-05-24,"Northern",61,5746,1.68,30.3
2020-05-24,"Unknown",6,1577,0,22.6
2020-05-24,"Vancouver Coastal",301,38065,0.96,18.7
2020-05-24,"Vancouver Island",191,20356,0.11,16
2020-05-25,"BC",1343,135662,1.15,19.1
2020-05-25,"Fraser",454,49737,2.1,22.4
2020-05-25,"Interior",164,19456,0.37,24.7
2020-05-25,"Northern",43,5789,1.45,20.8
2020-05-25,"Unknown",18,1595,0,14.9
2020-05-25,"Vancouver Coastal",471,38536,0.82,16.4
2020-05-25,"Vancouver Island",193,20549,0.11,13.3
2020-05-26,"BC",1782,137444,1.07,19.8
2020-05-26,"Fraser",635,50372,2,23.7
2020-05-26,"Interior",236,19692,0.18,27.1
2020-05-26,"Northern",32,5821,1.46,17.8
2020-05-26,"Unknown",20,1615,0,17.4
2020-05-26,"Vancouver Coastal",584,39120,0.8,15.3
2020-05-26,"Vancouver Island",275,20824,0.11,14.6
2020-05-27,"BC",1971,139415,1.03,21.2
2020-05-27,"Fraser",787,51159,1.9,23.5
2020-05-27,"Interior",294,19986,0.18,24
2020-05-27,"Northern",113,5934,1.37,28.6
2020-05-27,"Unknown",17,1632,0,22.8
2020-05-27,"Vancouver Coastal",428,39548,0.78,17.6
2020-05-27,"Vancouver Island",332,21156,0.05,15.2
2020-05-28,"BC",1993,141408,0.8,21.1
2020-05-28,"Fraser",730,51889,1.57,21
2020-05-28,"Interior",276,20262,0.06,27.6
2020-05-28,"Northern",102,6036,0.96,33.7
2020-05-28,"Unknown",20,1652,0,19.2
2020-05-28,"Vancouver Coastal",568,40116,0.63,18.6
2020-05-28,"Vancouver Island",297,21453,0,16.1
2020-05-29,"BC",1875,143283,0.8,20.8
2020-05-29,"Fraser",685,52574,1.63,22.9
2020-05-29,"Interior",305,20567,0,25.5
2020-05-29,"Northern",89,6125,1.15,26.4
2020-05-29,"Unknown",15,1667,0,19.2
2020-05-29,"Vancouver Coastal",522,40638,0.52,17
2020-05-29,"Vancouver Island",259,21712,0,15.7
2020-05-30,"BC",1714,144997,0.87,21.6
2020-05-30,"Fraser",726,53300,1.82,24.5
2020-05-30,"Interior",221,20788,0.06,25.1
2020-05-30,"Northern",102,6227,1.11,25.8
2020-05-30,"Unknown",13,1680,0,18.8
2020-05-30,"Vancouver Coastal",427,41065,0.45,16.4
2020-05-30,"Vancouver Island",225,21937,0,17.1
2020-05-31,"BC",1300,146297,0.93,21.6
2020-05-31,"Fraser",549,53849,1.91,24.2
2020-05-31,"Interior",178,20966,0.06,21.4
2020-05-31,"Northern",44,6271,0.95,28.2
2020-05-31,"Unknown",6,1686,0,25.2
2020-05-31,"Vancouver Coastal",354,41419,0.54,19.4
2020-05-31,"Vancouver Island",169,22106,0,15.9
2020-06-01,"BC",1251,147548,1.03,17.6
2020-06-01,"Fraser",406,54255,2.01,19.4
2020-06-01,"Interior",170,21136,0.12,19.9
2020-06-01,"Northern",24,6295,0.99,28
2020-06-01,"Unknown",18,1704,0,12.5
2020-06-01,"Vancouver Coastal",469,41888,0.63,16.1
2020-06-01,"Vancouver Island",164,22270,0.06,14
2020-06-02,"BC",1824,149372,1.08,19.7
2020-06-02,"Fraser",692,54947,2.21,22.8
2020-06-02,"Interior",262,21398,0.12,25.2
2020-06-02,"Northern",82,6377,0.72,23.2
2020-06-02,"Unknown",17,1721,0,19.4
2020-06-02,"Vancouver Coastal",480,42368,0.58,14.8
2020-06-02,"Vancouver Island",291,22561,0.06,14.5
2020-06-03,"BC",1995,151367,1.02,19.4
2020-06-03,"Fraser",746,55693,2.1,20.6
2020-06-03,"Interior",260,21658,0.12,26.5
2020-06-03,"Northern",87,6464,0.75,23.4
2020-06-03,"Unknown",22,1743,0,24.1
2020-06-03,"Vancouver Coastal",605,42973,0.53,15.4
2020-06-03,"Vancouver Island",275,22836,0.06,16.4
2020-06-04,"BC",1774,153141,1.05,19.8
2020-06-04,"Fraser",675,56368,2.1,21.6
2020-06-04,"Interior",232,21890,0.12,23.2
2020-06-04,"Northern",90,6554,0.58,27.8
2020-06-04,"Unknown",10,1753,0,19.7
2020-06-04,"Vancouver Coastal",505,43478,0.62,16.1
2020-06-04,"Vancouver Island",262,23098,0.06,16.5
2020-06-05,"BC",1811,154952,1.05,19.7
2020-06-05,"Fraser",702,57070,2.09,20.3
2020-06-05,"Interior",217,22107,0.13,27.5
2020-06-05,"Northern",86,6640,0.78,25.6
2020-06-05,"Unknown",19,1772,0,17.9
2020-06-05,"Vancouver Coastal",511,43989,0.57,16.3
2020-06-05,"Vancouver Island",276,23374,0.06,16.5
2020-06-06,"BC",1640,156592,0.96,24.4
2020-06-06,"Fraser",582,57652,2,23.6
2020-06-06,"Interior",261,22368,0.06,37.2
2020-06-06,"Northern",122,6762,0.37,30.4
2020-06-06,"Unknown",14,1786,0,16.2
2020-06-06,"Vancouver Coastal",436,44425,0.54,19.7
2020-06-06,"Vancouver Island",225,23599,0.06,17.9
2020-06-07,"BC",1318,157910,0.9,23.1
2020-06-07,"Fraser",570,58222,1.9,24.3
2020-06-07,"Interior",178,22546,0.06,32.3
2020-06-07,"Northern",41,6803,0.38,29.6
2020-06-07,"Unknown",10,1796,0,20.1
2020-06-07,"Vancouver Coastal",353,44778,0.45,18
2020-06-07,"Vancouver Island",166,23765,0.06,18.4
2020-06-08,"BC",1133,159043,0.78,17.8
2020-06-08,"Fraser",446,58668,1.7,18.6
2020-06-08,"Interior",135,22681,0,26.9
2020-06-08,"Northern",31,6834,0.56,19
2020-06-08,"Unknown",4,1800,0,32.2
2020-06-08,"Vancouver Coastal",374,45152,0.37,13.7
2020-06-08,"Vancouver Island",143,23908,0,17.1
2020-06-09,"BC",1669,160712,0.77,20.6
2020-06-09,"Fraser",714,59382,1.56,22.1
2020-06-09,"Interior",142,22823,0,25.7
2020-06-09,"Northern",60,6894,0.77,25.7
2020-06-09,"Unknown",33,1833,0,18.6
2020-06-09,"Vancouver Coastal",487,45639,0.43,17.2
2020-06-09,"Vancouver Island",233,24141,0,19.3
2020-06-10,"BC",1812,162524,0.87,21.7
2020-06-10,"Fraser",644,60026,1.78,21.2
2020-06-10,"Interior",165,22988,0.08,39.9
2020-06-10,"Northern",85,6979,0.78,24.6
2020-06-10,"Unknown",31,1864,0,24
2020-06-10,"Vancouver Coastal",611,46250,0.46,17.7
2020-06-10,"Vancouver Island",276,24417,0,19.4
2020-06-11,"BC",2000,164524,0.84,21.7
2020-06-11,"Fraser",698,60724,1.68,20.4
2020-06-11,"Interior",171,23159,0.16,44.3
2020-06-11,"Northern",111,7090,0.75,26.9
2020-06-11,"Unknown",42,1906,0,21.8
2020-06-11,"Vancouver Coastal",675,46925,0.46,18.1
2020-06-11,"Vancouver Island",303,24720,0,18.1
2020-06-12,"BC",1829,166353,0.89,22
2020-06-12,"Fraser",675,61399,1.66,19
2020-06-12,"Interior",220,23379,0.16,45.6
2020-06-12,"Northern",78,7168,0.38,26
2020-06-12,"Unknown",19,1925,0,23.9
2020-06-12,"Vancouver Coastal",601,47526,0.68,16.9
2020-06-12,"Vancouver Island",236,24956,0,20.5
2020-06-13,"BC",1773,168126,0.92,25.4
2020-06-13,"Fraser",608,62007,1.58,20.7
2020-06-13,"Interior",277,23656,0.16,56.6
2020-06-13,"Northern",80,7248,0.41,29.2
2020-06-13,"Unknown",15,1940,0,25.2
2020-06-13,"Vancouver Coastal",572,48098,0.84,16.5
2020-06-13,"Vancouver Island",221,25177,0,21.6
2020-06-14,"BC",960,169086,0.95,19.3
2020-06-14,"Fraser",407,62414,1.6,18.9
2020-06-14,"Interior",51,23707,0.17,20.5
2020-06-14,"Northern",38,7286,0.41,28.7
2020-06-14,"Unknown",8,1948,0,13.7
2020-06-14,"Vancouver Coastal",297,48395,0.91,16.3
2020-06-14,"Vancouver Island",159,25336,0,23.4
2020-06-15,"BC",1234,170320,0.96,17.7
2020-06-15,"Fraser",510,62924,1.57,18.8
2020-06-15,"Interior",58,23765,0.18,19.2
2020-06-15,"Northern",39,7325,0.2,26.2
2020-06-15,"Unknown",14,1962,0,11.1
2020-06-15,"Vancouver Coastal",492,48887,0.96,16.3
2020-06-15,"Vancouver Island",121,25457,0,16.2
2020-06-16,"BC",1948,172268,0.98,28
2020-06-16,"Fraser",647,63571,1.65,19.5
2020-06-16,"Interior",295,24060,0.24,76.9
2020-06-16,"Northern",57,7382,0,21.1
2020-06-16,"Unknown",24,1986,0,34.7
2020-06-16,"Vancouver Coastal",689,49576,0.99,18.6
2020-06-16,"Vancouver Island",236,25693,0,18.6
2020-06-17,"BC",1825,174093,0.87,25.1
2020-06-17,"Fraser",681,64252,1.37,19.2
2020-06-17,"Interior",251,24311,0.15,66.1
2020-06-17,"Northern",83,7465,0,26.8
2020-06-17,"Unknown",22,2008,0,31
2020-06-17,"Vancouver Coastal",575,50151,1,15.8
2020-06-17,"Vancouver Island",213,25906,0,19.1
2020-06-18,"BC",1898,175991,0.82,25
2020-06-18,"Fraser",762,65014,1.33,20.7
2020-06-18,"Interior",295,24606,0.07,49.7
2020-06-18,"Northern",75,7540,0,27
2020-06-18,"Unknown",23,2031,0,34.1
2020-06-18,"Vancouver Coastal",458,50609,0.92,19
2020-06-18,"Vancouver Island",285,26191,0,19.3
2020-06-19,"BC",1993,177984,0.73,24.2
2020-06-19,"Fraser",770,65784,1.16,22.8
2020-06-19,"Interior",294,24900,0.13,45.1
2020-06-19,"Northern",82,7622,0,29
2020-06-19,"Unknown",18,2049,0,24.3
2020-06-19,"Vancouver Coastal",632,51241,0.78,16.9
2020-06-19,"Vancouver Island",197,26388,0.07,19.6
2020-06-20,"BC",1753,179737,0.65,23.3
2020-06-20,"Fraser",768,66552,1.08,21.2
2020-06-20,"Interior",216,25116,0.21,38.8
2020-06-20,"Northern",67,7689,0,33.6
2020-06-20,"Unknown",23,2072,0,29.1
2020-06-20,"Vancouver Coastal",480,51721,0.58,18.7
2020-06-20,"Vancouver Island",199,26587,0.07,21.5
2020-06-21,"BC",1079,180816,0.72,22.3
2020-06-21,"Fraser",395,66947,1.26,21.9
2020-06-21,"Interior",127,25243,0.2,32.1
2020-06-21,"Northern",39,7728,0,33.9
2020-06-21,"Unknown",10,2082,0,23.6
2020-06-21,"Vancouver Coastal",314,52035,0.63,17.4
2020-06-21,"Vancouver Island",194,26781,0.07,22.3
2020-06-22,"BC",1298,182114,0.72,20.1
2020-06-22,"Fraser",553,67500,1.27,21.5
2020-06-22,"Interior",68,25311,0.19,27.2
2020-06-22,"Northern",32,7760,0,30.7
2020-06-22,"Unknown",13,2095,0,29.4
2020-06-22,"Vancouver Coastal",491,52526,0.6,18.1
2020-06-22,"Vancouver Island",141,26922,0.07,15.5
2020-06-23,"BC",2001,184115,0.69,22.2
2020-06-23,"Fraser",814,68314,1.27,19.8
2020-06-23,"Interior",164,25475,0.14,56
2020-06-23,"Northern",28,7788,0.25,24.6
2020-06-23,"Unknown",23,2118,0,21.9
2020-06-23,"Vancouver Coastal",709,53235,0.46,17.8
2020-06-23,"Vancouver Island",263,27185,0.07,20
2020-06-24,"BC",2193,186308,0.78,22.2
2020-06-24,"Fraser",749,69063,1.41,19.5
2020-06-24,"Interior",242,25717,0.14,46.7
2020-06-24,"Northern",90,7878,0.24,30.5
2020-06-24,"Unknown",30,2148,0,33.1
2020-06-24,"Vancouver Coastal",789,54024,0.57,16.6
2020-06-24,"Vancouver Island",293,27478,0.06,20.1
2020-06-25,"BC",1944,188252,0.82,22
2020-06-25,"Fraser",719,69782,1.51,19.4
2020-06-25,"Interior",240,25957,0.15,43.6
2020-06-25,"Northern",75,7953,0.24,29.7
2020-06-25,"Unknown",14,2162,0,15.6
2020-06-25,"Vancouver Coastal",579,54603,0.55,16.3
2020-06-25,"Vancouver Island",317,27795,0.06,20.4
2020-06-26,"BC",1744,189996,0.87,24.7
2020-06-26,"Fraser",687,70469,1.62,20.5
2020-06-26,"Interior",335,26292,0.14,46.3
2020-06-26,"Northern",82,8035,0.24,22.1
2020-06-26,"Unknown",37,2199,0,35.1
2020-06-26,"Vancouver Coastal",596,55199,0.56,17
2020-06-26,"Vancouver Island",7,27802,0,25.9
2020-06-27,"BC",1606,191602,0.89,24.5
2020-06-27,"Fraser",548,71017,1.68,21
2020-06-27,"Interior",280,26572,0.07,42
2020-06-27,"Northern",54,8089,0.25,26
2020-06-27,"Unknown",34,2233,0,29.8
2020-06-27,"Vancouver Coastal",477,55676,0.66,19.3
2020-06-27,"Vancouver Island",213,28015,0,20.6
2020-06-28,"BC",1227,192829,0.83,22.3
2020-06-28,"Fraser",478,71495,1.56,19.9
2020-06-28,"Interior",153,26725,0.07,33.8
2020-06-28,"Northern",53,8142,0.24,34.3
2020-06-28,"Unknown",21,2254,0,26.3
2020-06-28,"Vancouver Coastal",307,55983,0.61,17.6
2020-06-28,"Vancouver Island",215,28230,0,22.8
2020-06-29,"BC",1172,194001,0.83,18.4
2020-06-29,"Fraser",440,71935,1.58,18.1
2020-06-29,"Interior",78,26803,0.07,22.5
2020-06-29,"Northern",23,8165,0.25,25.9
2020-06-29,"Unknown",19,2273,0,24.9
2020-06-29,"Vancouver Coastal",469,56452,0.61,18.1
2020-06-29,"Vancouver Island",143,28373,0,16.1
2020-06-30,"BC",1880,195881,0.8,22.9
2020-06-30,"Fraser",673,72608,1.44,21.5
2020-06-30,"Interior",188,26991,0.07,44.2
2020-06-30,"Northern",59,8224,0,25.8
2020-06-30,"Unknown",16,2289,0,28.2
2020-06-30,"Vancouver Coastal",661,57113,0.7,19.7
2020-06-30,"Vancouver Island",283,28656,0.07,18.6
2020-07-01,"BC",1701,197582,0.77,23.9
2020-07-01,"Fraser",600,73208,1.42,22.6
2020-07-01,"Interior",170,27161,0.07,39.4
2020-07-01,"Northern",67,8291,0.24,26.7
2020-07-01,"Unknown",30,2319,0,24.4
2020-07-01,"Vancouver Coastal",590,57703,0.57,21.3
2020-07-01,"Vancouver Island",244,28900,0.07,21.6
2020-07-02,"BC",1583,199165,0.77,26.4
2020-07-02,"Fraser",548,73756,1.31,24
2020-07-02,"Interior",284,27445,0.13,52.7
2020-07-02,"Northern",46,8337,0.26,28.2
2020-07-02,"Unknown",24,2343,0,53.5
2020-07-02,"Vancouver Coastal",487,58190,0.7,16.1
2020-07-02,"Vancouver Island",194,29094,0.15,17
2020-07-03,"BC",2284,201449,0.76,23.8
2020-07-03,"Fraser",798,74554,1.37,21.8
2020-07-03,"Interior",340,27785,0.13,44.9
2020-07-03,"Northern",47,8384,0.29,33.1
2020-07-03,"Unknown",25,2368,0,27.6
2020-07-03,"Vancouver Coastal",776,58966,0.66,18.4
2020-07-03,"Vancouver Island",298,29392,0.13,17.4
2020-07-04,"BC",1943,203392,0.76,22.9
2020-07-04,"Fraser",643,75197,1.34,21.6
2020-07-04,"Interior",247,28032,0.14,32.9
2020-07-04,"Northern",64,8448,0.28,29.4
2020-07-04,"Unknown",28,2396,0,25.8
2020-07-04,"Vancouver Coastal",656,59622,0.71,20.2
2020-07-04,"Vancouver Island",305,29697,0.12,21.3
2020-07-05,"BC",1256,204648,0.72,22.3
2020-07-05,"Fraser",455,75652,1.13,23
2020-07-05,"Interior",130,28162,0.14,30.2
2020-07-05,"Northern",27,8475,0.3,34.1
2020-07-05,"Unknown",36,2432,0,23.3
2020-07-05,"Vancouver Coastal",384,60006,0.77,18.4
2020-07-05,"Vancouver Island",224,29921,0.12,21.3
2020-07-06,"BC",1321,205969,0.75,22.2
2020-07-06,"Fraser",528,76180,1.25,22.6
2020-07-06,"Interior",119,28281,0.14,32.8
2020-07-06,"Northern",67,8542,0.27,19.9
2020-07-06,"Unknown",22,2454,0,25.7
2020-07-06,"Vancouver Coastal",408,60414,0.76,21.6
2020-07-06,"Vancouver Island",177,30098,0.12,15.5
2020-07-07,"BC",2092,208061,0.81,26.5
2020-07-07,"Fraser",700,76880,1.43,24.9
2020-07-07,"Interior",246,28527,0.2,58.6
2020-07-07,"Northern",59,8601,0.27,15.9
2020-07-07,"Unknown",60,2514,0,30.6
2020-07-07,"Vancouver Coastal",685,61099,0.75,21.2
2020-07-07,"Vancouver Island",342,30440,0.06,18.3
2020-07-08,"BC",2340,210401,0.81,23.6
2020-07-08,"Fraser",892,77772,1.45,23.1
2020-07-08,"Interior",239,28766,0.19,41
2020-07-08,"Northern",78,8679,0,19.3
2020-07-08,"Unknown",33,2547,0,32.4
2020-07-08,"Vancouver Coastal",794,61893,0.76,21.1
2020-07-08,"Vancouver Island",304,30744,0.05,18.1
2020-07-09,"BC",2577,212978,0.85,23.1
2020-07-09,"Fraser",1102,78874,1.56,21.2
2020-07-09,"Interior",255,29021,0.19,45.6
2020-07-09,"Northern",54,8733,0,21.2
2020-07-09,"Unknown",27,2574,0,30.6
2020-07-09,"Vancouver Coastal",737,62630,0.7,20.5
2020-07-09,"Vancouver Island",402,31146,0.1,18.5
2020-07-10,"BC",2863,215841,0.89,23.9
2020-07-10,"Fraser",855,79729,1.57,21.1
2020-07-10,"Interior",424,29445,0.3,44.1
2020-07-10,"Northern",100,8833,0,25.9
2020-07-10,"Unknown",60,2634,0,28.8
2020-07-10,"Vancouver Coastal",1020,63650,0.79,19.7
2020-07-10,"Vancouver Island",404,31550,0.09,17.9
2020-07-11,"BC",2181,218022,0.96,23.6
2020-07-11,"Fraser",793,80522,1.62,20.4
2020-07-11,"Interior",336,29781,0.34,34
2020-07-11,"Northern",60,8893,0,27.9
2020-07-11,"Unknown",42,2676,0,31
2020-07-11,"Vancouver Coastal",606,64256,0.93,22.5
2020-07-11,"Vancouver Island",344,31894,0.09,21.1
2020-07-12,"BC",1913,219935,1.03,18.7
2020-07-12,"Fraser",673,81195,1.73,19
2020-07-12,"Interior",167,29948,0.34,31
2020-07-12,"Northern",44,8937,0,34.5
2020-07-12,"Unknown",23,2699,0,24.3
2020-07-12,"Vancouver Coastal",498,64754,1.03,19.1
2020-07-12,"Vancouver Island",508,32402,0.08,12.5
2020-07-13,"BC",1495,221430,1.03,19.9
2020-07-13,"Fraser",627,81822,1.74,20
2020-07-13,"Interior",121,30069,0.39,31.8
2020-07-13,"Northern",63,9000,0,13.3
2020-07-13,"Unknown",6,2705,0,28.6
2020-07-13,"Vancouver Coastal",538,65292,1,19.8
2020-07-13,"Vancouver Island",140,32542,0.08,12.1
2020-07-14,"BC",2521,223951,0.98,24
2020-07-14,"Fraser",963,82785,1.52,22.9
2020-07-14,"Interior",275,30344,0.61,49.4
2020-07-14,"Northern",80,9080,0,19.7
2020-07-14,"Unknown",29,2734,0,24.9
2020-07-14,"Vancouver Coastal",844,66136,0.99,19.8
2020-07-14,"Vancouver Island",330,32872,0.08,17.6
2020-07-15,"BC",2809,226760,1.06,28.6
2020-07-15,"Fraser",812,83597,1.44,23.4
2020-07-15,"Interior",700,31044,1.19,46.8
2020-07-15,"Northern",78,9158,0.42,29.9
2020-07-15,"Unknown",41,2775,0,32.6
2020-07-15,"Vancouver Coastal",795,66931,1.07,22.6
2020-07-15,"Vancouver Island",383,33255,0.12,18.5
2020-07-16,"BC",3127,229887,1.11,26.4
2020-07-16,"Fraser",957,84554,1.34,21.8
2020-07-16,"Interior",697,31741,1.76,43.5
2020-07-16,"Northern",91,9249,0.78,24.7
2020-07-16,"Unknown",51,2826,0,35.6
2020-07-16,"Vancouver Coastal",884,67815,1.04,20.7
2020-07-16,"Vancouver Island",447,33702,0.08,19.9
2020-07-17,"BC",2835,232722,1.18,24.3
2020-07-17,"Fraser",839,85393,1.41,21.4
2020-07-17,"Interior",686,32427,1.78,34.9
2020-07-17,"Northern",114,9363,1.7,27.7
2020-07-17,"Unknown",44,2870,0,28.1
2020-07-17,"Vancouver Coastal",779,68594,1.01,19.8
2020-07-17,"Vancouver Island",373,34075,0.12,19.1
2020-07-18,"BC",2305,235027,1.18,25.1
2020-07-18,"Fraser",759,86152,1.46,21.1
2020-07-18,"Interior",516,32943,2.02,40.1
2020-07-18,"Northern",52,9415,1.72,26
2020-07-18,"Unknown",16,2886,0,27
2020-07-18,"Vancouver Coastal",616,69210,0.79,19.9
2020-07-18,"Vancouver Island",346,34421,0.12,20.7
2020-07-19,"BC",1868,236895,1.23,23.8
2020-07-19,"Fraser",662,86814,1.48,20.2
2020-07-19,"Interior",426,33369,2.1,31.2
2020-07-19,"Northern",53,9468,1.69,27.7
2020-07-19,"Unknown",18,2904,0,29.2
2020-07-19,"Vancouver Coastal",444,69654,0.65,22.5
2020-07-19,"Vancouver Island",265,34686,0.35,21.9
2020-07-20,"BC",1713,238608,1.35,22.2
2020-07-20,"Fraser",567,87381,1.62,21.2
2020-07-20,"Interior",348,33717,2.28,32.6
2020-07-20,"Northern",83,9551,1.63,20
2020-07-20,"Unknown",13,2917,0,20.2
2020-07-20,"Vancouver Coastal",515,70169,0.78,18.2
2020-07-20,"Vancouver Island",187,34873,0.34,17.3
2020-07-21,"BC",2803,241411,1.39,23.6
2020-07-21,"Fraser",925,88306,1.68,22.9
2020-07-21,"Interior",524,34241,2.26,33.1
2020-07-21,"Northern",60,9611,1.69,20.6
2020-07-21,"Unknown",75,2992,0,28.2
2020-07-21,"Vancouver Coastal",850,71019,0.78,20.5
2020-07-21,"Vancouver Island",369,35242,0.38,18.6
2020-07-22,"BC",3111,244522,1.39,22.1
2020-07-22,"Fraser",1176,89482,1.72,19.6
2020-07-22,"Interior",524,34765,2.18,30.6
2020-07-22,"Northern",109,9720,2.67,26.9
2020-07-22,"Unknown",54,3046,0,27.7
2020-07-22,"Vancouver Coastal",860,71879,0.73,20.7
2020-07-22,"Vancouver Island",388,35630,0.38,19.2
2020-07-23,"BC",2598,247120,1.33,22.2
2020-07-23,"Fraser",1043,90525,1.71,21.3
2020-07-23,"Interior",197,34962,1.86,34.2
2020-07-23,"Northern",121,9841,2.7,27.6
2020-07-23,"Unknown",39,3085,0,30.1
2020-07-23,"Vancouver Coastal",769,72648,0.79,20.6
2020-07-23,"Vancouver Island",429,36059,0.34,19.6
2020-07-24,"BC",2754,249874,1.2,22.2
2020-07-24,"Fraser",902,91427,1.49,21.2
2020-07-24,"Interior",156,35118,1.97,39.8
2020-07-24,"Northern",161,10002,2.19,27
2020-07-24,"Unknown",36,3121,0,24.7
2020-07-24,"Vancouver Coastal",1055,73703,0.7,20.6
2020-07-24,"Vancouver Island",444,36503,0.29,20.1
2020-07-25,"BC",2586,252460,1.15,23.2
2020-07-25,"Fraser",908,92335,1.39,21.3
2020-07-25,"Interior",407,35525,1.7,32.9
2020-07-25,"Northern",93,10095,2.94,32.8
2020-07-25,"Unknown",45,3166,0,24.4
2020-07-25,"Vancouver Coastal",762,74465,0.74,20.1
2020-07-25,"Vancouver Island",371,36874,0.29,21.2
2020-07-26,"BC",1696,254156,1.12,22.8
2020-07-26,"Fraser",629,92964,1.43,21.7
2020-07-26,"Interior",156,35681,1.73,34.7
2020-07-26,"Northern",81,10176,2.97,37.1
2020-07-26,"Unknown",37,3203,0,25.2
2020-07-26,"Vancouver Coastal",466,74931,0.7,18.4
2020-07-26,"Vancouver Island",327,37201,0.12,21.6
2020-07-27,"BC",1874,256030,1.02,19.3
2020-07-27,"Fraser",666,93630,1.33,19
2020-07-27,"Interior",369,36050,1.5,22.4
2020-07-27,"Northern",48,10224,3.12,22.2
2020-07-27,"Unknown",20,3223,0,11.1
2020-07-27,"Vancouver Coastal",578,75509,0.6,19
2020-07-27,"Vancouver Island",193,37394,0.12,15.7
2020-07-28,"BC",2868,258898,1.18,23.1
2020-07-28,"Fraser",1066,94696,1.82,24.1
2020-07-28,"Interior",416,36466,1.26,26.8
2020-07-28,"Northern",82,10306,3.88,24.4
2020-07-28,"Unknown",27,3250,0,30.2
2020-07-28,"Vancouver Coastal",882,76391,0.58,21.8
2020-07-28,"Vancouver Island",395,37789,0.08,18.4
2020-07-29,"BC",3265,262163,1.09,21.2
2020-07-29,"Fraser",881,95577,1.84,20.8
2020-07-29,"Interior",636,37102,1.11,31.8
2020-07-29,"Northern",128,10434,2.8,35.8
2020-07-29,"Unknown",40,3290,0,29
2020-07-29,"Vancouver Coastal",793,77184,0.57,19.9
2020-07-29,"Vancouver Island",787,38576,0.03,11.5
2020-07-30,"BC",3156,265319,1.24,22
2020-07-30,"Fraser",982,96559,2.2,20.9
2020-07-30,"Interior",620,37722,1.05,23.8
2020-07-30,"Northern",152,10586,2.95,35.6
2020-07-30,"Unknown",49,3339,0,29.3
2020-07-30,"Vancouver Coastal",740,77924,0.7,21.7
2020-07-30,"Vancouver Island",613,39189,0.1,18.6
2020-07-31,"BC",2202,267521,1.43,22.8
2020-07-31,"Fraser",825,97384,2.48,23.2
2020-07-31,"Interior",110,37832,1.03,32.7
2020-07-31,"Northern",118,10704,3.13,32.5
2020-07-31,"Unknown",32,3371,0,26.5
2020-07-31,"Vancouver Coastal",803,78727,1.02,21.1
2020-07-31,"Vancouver Island",314,39503,0.1,18.2
2020-08-01,"BC",2143,269664,1.6,24.7
2020-08-01,"Fraser",799,98183,2.96,24.6
2020-08-01,"Interior",190,38022,1,33.5
2020-08-01,"Northern",90,10794,3,34.6
2020-08-01,"Unknown",29,3400,0,25.8
2020-08-01,"Vancouver Coastal",685,79412,1.09,23.4
2020-08-01,"Vancouver Island",350,39853,0.1,20.1
2020-08-02,"BC",1626,271290,1.74,23.5
2020-08-02,"Fraser",699,98882,3.21,22.5
2020-08-02,"Interior",159,38181,0.96,30.8
2020-08-02,"Northern",68,10862,2.92,31.2
2020-08-02,"Unknown",14,3414,0,35
2020-08-02,"Vancouver Coastal",390,79802,1.23,21.8
2020-08-02,"Vancouver Island",296,40149,0.14,21.7
2020-08-03,"BC",1364,272654,1.85,21.4
2020-08-03,"Fraser",613,99495,3.38,22.3
2020-08-03,"Interior",256,38437,0.84,19.3
2020-08-03,"Northern",13,10875,3.07,12.8
2020-08-03,"Unknown",16,3430,0,19.8
2020-08-03,"Vancouver Coastal",355,80157,1.38,21.2
2020-08-03,"Vancouver Island",111,40260,0.17,23.2
2020-08-04,"BC",1890,274544,1.83,20.4
2020-08-04,"Fraser",629,100124,3.11,20.8
2020-08-04,"Interior",314,38751,1.05,19.4
2020-08-04,"Northern",51,10926,2.26,34.8
2020-08-04,"Unknown",30,3460,0,25.1
2020-08-04,"Vancouver Coastal",638,80795,1.68,20.8
2020-08-04,"Vancouver Island",228,40488,0.19,15.3
2020-08-05,"BC",2661,277205,2.08,22
2020-08-05,"Fraser",839,100963,3.36,21.6
2020-08-05,"Interior",465,39216,1.09,24.3
2020-08-05,"Northern",77,11003,2.28,21.7
2020-08-05,"Unknown",21,3481,0,27.3
2020-08-05,"Vancouver Coastal",876,81671,2.03,22
2020-08-05,"Vancouver Island",383,40871,0.22,19.8
2020-08-06,"BC",3127,280332,2.09,22.7
2020-08-06,"Fraser",1152,102115,3.2,24.6
2020-08-06,"Interior",388,39604,1.12,24.1
2020-08-06,"Northern",99,11102,1.94,25.7
2020-08-06,"Unknown",36,3517,0,26.1
2020-08-06,"Vancouver Coastal",997,82668,2.11,20.8
2020-08-06,"Vancouver Island",455,41326,0.19,20.2
2020-08-07,"BC",2978,283310,2.01,23.4
2020-08-07,"Fraser",957,103072,3.27,22.4
2020-08-07,"Interior",557,40161,0.94,29.7
2020-08-07,"Northern",109,11211,1.38,29.1
2020-08-07,"Unknown",71,3588,0,21.3
2020-08-07,"Vancouver Coastal",883,83551,2.01,22.3
2020-08-07,"Vancouver Island",401,41727,0.18,18.4
2020-08-08,"BC",2845,286155,1.89,24.6
2020-08-08,"Fraser",1021,104093,2.91,23.2
2020-08-08,"Interior",429,40590,0.86,31.3
2020-08-08,"Northern",105,11316,0.57,38.4
2020-08-08,"Unknown",43,3631,0,24.7
2020-08-08,"Vancouver Coastal",912,84463,2.14,22.9
2020-08-08,"Vancouver Island",335,42062,0.23,20.9
2020-08-09,"BC",2275,288430,1.81,25.3
2020-08-09,"Fraser",972,105065,2.57,25.9
2020-08-09,"Interior",293,40883,0.74,25.3
2020-08-09,"Northern",53,11369,0.99,49.1
2020-08-09,"Unknown",28,3659,0,36.4
2020-08-09,"Vancouver Coastal",684,85147,2.25,22.8
2020-08-09,"Vancouver Island",245,42307,0.14,23.7
2020-08-10,"BC",2164,290594,1.92,22.2
2020-08-10,"Fraser",939,106004,2.75,21.4
2020-08-10,"Interior",266,41149,0.77,26.1
2020-08-10,"Northern",68,11437,1.6,46
2020-08-10,"Unknown",22,3681,0,28.3
2020-08-10,"Vancouver Coastal",673,85820,2.3,21.7
2020-08-10,"Vancouver Island",196,42503,0.09,13.8
2020-08-11,"BC",3140,293734,2.03,21.8
2020-08-11,"Fraser",1032,107036,2.85,21.7
2020-08-11,"Interior",478,41627,0.63,26
2020-08-11,"Northern",99,11536,1.8,19.1
2020-08-11,"Unknown",59,3740,0,22.3
2020-08-11,"Vancouver Coastal",1098,86918,2.52,21.5
2020-08-11,"Vancouver Island",374,42877,0.17,18.3
2020-08-12,"BC",3666,297400,2.06,23.4
2020-08-12,"Fraser",1317,108353,2.92,24.2
2020-08-12,"Interior",509,42136,0.51,28.6
2020-08-12,"Northern",100,11636,2.05,26.5
2020-08-12,"Unknown",69,3809,0,25.4
2020-08-12,"Vancouver Coastal",1282,88200,2.48,21.4
2020-08-12,"Vancouver Island",389,43266,0.17,19.2
2020-08-13,"BC",3806,301206,2.17,23.6
2020-08-13,"Fraser",1426,109779,3.03,26.7
2020-08-13,"Interior",598,42734,0.48,23.9
2020-08-13,"Northern",99,11735,2.37,30
2020-08-13,"Unknown",62,3871,0,25.8
2020-08-13,"Vancouver Coastal",1202,89402,2.66,20.8
2020-08-13,"Vancouver Island",419,43685,0.21,19.3
2020-08-14,"BC",4122,305328,2.41,23.4
2020-08-14,"Fraser",1677,111456,3.4,22.6
2020-08-14,"Interior",418,43152,0.7,33.6
2020-08-14,"Northern",184,11919,2.4,31.5
2020-08-14,"Unknown",74,3945,0,27.6
2020-08-14,"Vancouver Coastal",1368,90770,2.66,21.1
2020-08-14,"Vancouver Island",401,44086,0.3,19.4
2020-08-15,"BC",3185,308513,2.46,21.8
2020-08-15,"Fraser",981,112437,3.5,20.1
2020-08-15,"Interior",508,43660,0.75,27
2020-08-15,"Northern",119,12038,2.63,24.7
2020-08-15,"Unknown",52,3997,0,21.7
2020-08-15,"Vancouver Coastal",1133,91903,2.67,21.4
2020-08-15,"Vancouver Island",392,44478,0.29,19.9
2020-08-16,"BC",3060,311573,2.51,23.3
2020-08-16,"Fraser",1297,113734,3.67,24.3
2020-08-16,"Interior",394,44054,0.69,26
2020-08-16,"Northern",87,12125,2.65,30.8
2020-08-16,"Unknown",24,4021,0,22.6
2020-08-16,"Vancouver Coastal",864,92767,2.68,20.8
2020-08-16,"Vancouver Island",394,44872,0.31,21.3
2020-08-17,"BC",2213,313786,2.42,21.7
2020-08-17,"Fraser",721,114455,3.6,22
2020-08-17,"Interior",329,44383,0.62,19.9
2020-08-17,"Northern",50,12175,2.57,15.7
2020-08-17,"Unknown",20,4041,0,26.9
2020-08-17,"Vancouver Coastal",829,93596,2.57,23.8
2020-08-17,"Vancouver Island",264,45136,0.42,17
2020-08-18,"BC",3863,317649,2.33,22.8
2020-08-18,"Fraser",1382,115837,3.47,22.5
2020-08-18,"Interior",512,44895,0.58,25.6
2020-08-18,"Northern",116,12291,2.25,25
2020-08-18,"Unknown",87,4128,0,25.5
2020-08-18,"Vancouver Coastal",1291,94887,2.46,22.8
2020-08-18,"Vancouver Island",475,45611,0.44,19.4
2020-08-19,"BC",4343,321992,2.3,23.9
2020-08-19,"Fraser",1590,117427,3.38,26.6
2020-08-19,"Interior",624,45519,0.56,24
2020-08-19,"Northern",143,12434,2.01,25.7
2020-08-19,"Unknown",53,4181,0,22.8
2020-08-19,"Vancouver Coastal",1440,96327,2.51,22.5
2020-08-19,"Vancouver Island",493,46104,0.46,18.6
2020-08-20,"BC",4539,326531,2.3,22.8
2020-08-20,"Fraser",1781,119208,3.37,25.1
2020-08-20,"Interior",496,46015,0.7,21.9
2020-08-20,"Northern",163,12597,1.51,25.7
2020-08-20,"Unknown",63,4244,0,24.2
2020-08-20,"Vancouver Coastal",1507,97834,2.48,21.6
2020-08-20,"Vancouver Island",529,46633,0.41,18.8
2020-08-21,"BC",4076,330607,2.3,23.6
2020-08-21,"Fraser",1401,120609,3.31,26.4
2020-08-21,"Interior",574,46589,0.49,24.5
2020-08-21,"Northern",184,12781,1.74,31.3
2020-08-21,"Unknown",71,4315,0,22.4
2020-08-21,"Vancouver Coastal",1376,99210,2.65,20.5
2020-08-21,"Vancouver Island",470,47103,0.46,19.9
2020-08-22,"BC",4119,334726,2.27,23.7
2020-08-22,"Fraser",1648,122257,3.28,25.3
2020-08-22,"Interior",398,46987,0.57,27.5
2020-08-22,"Northern",119,12900,1.62,25.4
2020-08-22,"Unknown",89,4404,0,20.4
2020-08-22,"Vancouver Coastal",1424,100634,2.47,22
2020-08-22,"Vancouver Island",441,47544,0.46,20
2020-08-23,"BC",2447,337173,2.28,22.6
2020-08-23,"Fraser",848,123105,3.32,26.5
2020-08-23,"Interior",318,47305,0.62,22.4
2020-08-23,"Northern",82,12982,1.28,33.1
2020-08-23,"Unknown",24,4428,0,18.6
2020-08-23,"Vancouver Coastal",784,101418,2.52,18.7
2020-08-23,"Vancouver Island",391,47935,0.49,20.3
2020-08-24,"BC",2393,339566,2.33,22.3
2020-08-24,"Fraser",923,124028,3.29,26.9
2020-08-24,"Interior",297,47602,0.62,19.9
2020-08-24,"Northern",54,13036,1.05,23.8
2020-08-24,"Unknown",27,4455,0,22.8
2020-08-24,"Vancouver Coastal",751,102169,2.73,20.7
2020-08-24,"Vancouver Island",341,48276,0.45,15.3
2020-08-25,"BC",4008,343574,2.2,22.7
2020-08-25,"Fraser",1317,125345,3.14,25.6
2020-08-25,"Interior",566,48168,0.58,22.6
2020-08-25,"Northern",106,13142,1.53,20.5
2020-08-25,"Unknown",48,4503,0,26.6
2020-08-25,"Vancouver Coastal",1502,103671,2.5,21.8
2020-08-25,"Vancouver Island",469,48745,0.41,17.8
2020-08-26,"BC",4871,348445,2.19,27.3
2020-08-26,"Fraser",1952,127297,3.13,31.1
2020-08-26,"Interior",555,48723,0.5,23.3
2020-08-26,"Northern",132,13274,1.9,23.9
2020-08-26,"Unknown",86,4589,0,32.2
2020-08-26,"Vancouver Coastal",1648,105319,2.39,26.9
2020-08-26,"Vancouver Island",498,49243,0.48,18.2
2020-08-27,"BC",5767,354212,2.11,27.7
2020-08-27,"Fraser",2266,129563,2.96,31.6
2020-08-27,"Interior",607,49330,0.42,22.4
2020-08-27,"Northern",160,13434,2.27,27.5
2020-08-27,"Unknown",57,4646,0,30.9
2020-08-27,"Vancouver Coastal",2142,107461,2.32,27.2
2020-08-27,"Vancouver Island",535,49778,0.51,19
2020-08-28,"BC",5269,359481,1.98,24.5
2020-08-28,"Fraser",1956,131519,2.74,27.7
2020-08-28,"Interior",521,49851,0.43,23.7
2020-08-28,"Northern",166,13600,2.08,26.5
2020-08-28,"Unknown",164,4810,0,21.3
2020-08-28,"Vancouver Coastal",1988,109449,2.18,23.2
2020-08-28,"Vancouver Island",474,50252,0.38,18.5
2020-08-29,"BC",4732,364213,2.08,24
2020-08-29,"Fraser",1814,133333,2.85,25.1
2020-08-29,"Interior",529,50380,0.5,27.6
2020-08-29,"Northern",184,13784,2.38,34
2020-08-29,"Unknown",51,4861,0,24.3
2020-08-29,"Vancouver Coastal",1715,111164,2.29,21.7
2020-08-29,"Vancouver Island",439,50691,0.38,19.8
2020-08-30,"BC",3113,367326,2.11,23.8
2020-08-30,"Fraser",862,134195,2.89,25.6
2020-08-30,"Interior",366,50746,0.52,23.2
2020-08-30,"Northern",150,13934,2.73,34
2020-08-30,"Unknown",46,4907,0,24
2020-08-30,"Vancouver Coastal",1245,112409,2.31,22.8
2020-08-30,"Vancouver Island",444,51135,0.31,20.4
2020-08-31,"BC",2643,369969,2.09,23.7
2020-08-31,"Fraser",1224,135419,2.89,28.5
2020-08-31,"Interior",286,51032,0.52,20.4
2020-08-31,"Northern",100,14034,3.01,23.6
2020-08-31,"Unknown",29,4936,0,21.2
2020-08-31,"Vancouver Coastal",701,113110,2.21,20
2020-08-31,"Vancouver Island",303,51438,0.28,16.5
2020-09-01,"BC",5247,375216,2.15,21.4
2020-09-01,"Fraser",1593,137012,2.97,21.8
2020-09-01,"Interior",557,51589,0.58,19.9
2020-09-01,"Northern",269,14303,2.76,39.5
2020-09-01,"Unknown",133,5069,0,22.8
2020-09-01,"Vancouver Coastal",2190,115300,2.3,19.8
2020-09-01,"Vancouver Island",505,51943,0.25,19.1
2020-09-02,"BC",5763,380979,2.08,23.9
2020-09-02,"Fraser",2054,139066,2.89,25
2020-09-02,"Interior",587,52176,0.7,26.3
2020-09-02,"Northern",228,14531,2.47,28.4
2020-09-02,"Unknown",76,5145,0,28.6
2020-09-02,"Vancouver Coastal",2307,117607,2.21,23
2020-09-02,"Vancouver Island",511,52454,0.19,17.8
2020-09-03,"BC",6131,387110,2.17,24.1
2020-09-03,"Fraser",2263,141329,3.04,27.1
2020-09-03,"Interior",544,52720,0.68,26.4
2020-09-03,"Northern",212,14743,2.52,27.5
2020-09-03,"Unknown",97,5242,0,27
2020-09-03,"Vancouver Coastal",2433,120040,2.23,21.7
2020-09-03,"Vancouver Island",582,53036,0.25,18.6
2020-09-04,"BC",5283,392393,2.19,21.6
2020-09-04,"Fraser",1911,143240,3.13,20.6
2020-09-04,"Interior",540,53260,0.76,28.3
2020-09-04,"Northern",209,14952,2.59,29.3
2020-09-04,"Unknown",129,5371,0,19.8
2020-09-04,"Vancouver Coastal",1977,122017,2.17,20.7
2020-09-04,"Vancouver Island",517,53553,0.27,18.8
2020-09-05,"BC",5881,398274,2.13,24
2020-09-05,"Fraser",1993,145233,3.06,24.9
2020-09-05,"Interior",592,53852,0.6,28.6
2020-09-05,"Northern",251,15203,2.26,30.9
2020-09-05,"Unknown",85,5456,0,25.9
2020-09-05,"Vancouver Coastal",2339,124356,2.21,22.7
2020-09-05,"Vancouver Island",621,54174,0.26,19
2020-09-06,"BC",3762,402036,2.15,26.1
2020-09-06,"Fraser",1524,146757,3,27.7
2020-09-06,"Interior",12,53864,0.61,29.3
2020-09-06,"Northern",45,15248,2.44,22.5
2020-09-06,"Unknown",50,5506,0,35.3
2020-09-06,"Vancouver Coastal",1649,126005,2.21,25.5
2020-09-06,"Vancouver Island",482,54656,0.28,22.2
2020-09-07,"BC",3388,405424,2.18,24.4
2020-09-07,"Fraser",1408,148165,3.05,26.2
2020-09-07,"Interior",355,54219,0.56,22
2020-09-07,"Northern",106,15354,2.2,53.2
2020-09-07,"Unknown",72,5578,0,27.1
2020-09-07,"Vancouver Coastal",1205,127210,2.24,19.9
2020-09-07,"Vancouver Island",242,54898,0.29,26
2020-09-08,"BC",3570,408994,2.39,22.1
2020-09-08,"Fraser",1431,149596,3.44,23.5
2020-09-08,"Interior",333,54552,0.51,19.9
2020-09-08,"Northern",132,15486,2.2,42
2020-09-08,"Unknown",70,5648,0,22.7
2020-09-08,"Vancouver Coastal",1240,128450,2.34,19.6
2020-09-08,"Vancouver Island",364,55262,0.3,19.7
2020-09-09,"BC",6013,415007,2.48,21.7
2020-09-09,"Fraser",2181,151777,3.38,21.9
2020-09-09,"Interior",543,55095,0.41,22.7
2020-09-09,"Northern",179,15665,3.09,28.9
2020-09-09,"Unknown",99,5747,0,21.3
2020-09-09,"Vancouver Coastal",2425,130875,2.56,21.2
2020-09-09,"Vancouver Island",586,55848,0.32,19.8
2020-09-10,"BC",6554,421561,2.4,26.1
2020-09-10,"Fraser",2152,153929,3.36,26.1
2020-09-10,"Interior",615,55710,0.37,23.7
2020-09-10,"Northern",287,15952,2.48,27.6
2020-09-10,"Unknown",219,5966,0,35.9
2020-09-10,"Vancouver Coastal",2683,133558,2.54,26.8
2020-09-10,"Vancouver Island",598,56446,0.29,20.6
2020-09-11,"BC",5747,427308,2.46,27
2020-09-11,"Fraser",2201,156130,3.22,28
2020-09-11,"Interior",107,55817,0.27,13.1
2020-09-11,"Northern",171,16123,2.65,40
2020-09-11,"Unknown",104,6070,0,31.5
2020-09-11,"Vancouver Coastal",2549,136107,2.74,27.4
2020-09-11,"Vancouver Island",615,57061,0.34,20.2
2020-09-12,"BC",5684,432992,2.43,26.2
2020-09-12,"Fraser",1934,158064,3.07,26.3
2020-09-12,"Interior",100,55917,0.29,17.3
2020-09-12,"Northern",238,16361,2.85,37.2
2020-09-12,"Unknown",203,6273,0,31.8
2020-09-12,"Vancouver Coastal",2708,138815,2.7,25.9
2020-09-12,"Vancouver Island",501,57562,0.35,21.8
2020-09-13,"BC",5233,438225,2.28,32.6
2020-09-13,"Fraser",1913,159977,2.88,35.8
2020-09-13,"Interior",491,56408,0.39,27.2
2020-09-13,"Northern",24,16385,2.73,45.5
2020-09-13,"Unknown",126,6399,0,39.1
2020-09-13,"Vancouver Coastal",2136,140951,2.56,33.3
2020-09-13,"Vancouver Island",543,58105,0.32,21
2020-09-14,"BC",3720,441945,2.26,29.3
2020-09-14,"Fraser",1490,161467,2.81,34.1
2020-09-14,"Interior",363,56771,0.55,19.2
2020-09-14,"Northern",271,16656,2.84,53.8
2020-09-14,"Unknown",86,6485,0,28.9
2020-09-14,"Vancouver Coastal",1146,142097,2.55,23
2020-09-14,"Vancouver Island",364,58469,0.31,21.5
2020-09-15,"BC",6801,448746,2.15,23
2020-09-15,"Fraser",2352,163819,2.63,25.7
2020-09-15,"Interior",551,57322,0.76,23.1
2020-09-15,"Northern",173,16829,3.05,37.8
2020-09-15,"Unknown",268,6753,0,18.8
2020-09-15,"Vancouver Coastal",2950,145047,2.41,20.4
2020-09-15,"Vancouver Island",507,58976,0.27,22.3
2020-09-16,"BC",7352,456098,2.12,22.6
2020-09-16,"Fraser",2690,166509,2.7,22.2
2020-09-16,"Interior",646,57968,0.97,25.3
2020-09-16,"Northern",229,17058,2.37,29
2020-09-16,"Unknown",121,6874,0,25.2
2020-09-16,"Vancouver Coastal",2948,147995,2.28,22.1
2020-09-16,"Vancouver Island",718,59694,0.23,21.3
2020-09-17,"BC",6006,462104,2.21,22.2
2020-09-17,"Fraser",2140,168649,2.83,21.5
2020-09-17,"Interior",576,58544,1.13,26
2020-09-17,"Northern",308,17366,2.69,31.9
2020-09-17,"Unknown",134,7008,0,22.2
2020-09-17,"Vancouver Coastal",2287,150282,2.33,21
2020-09-17,"Vancouver Island",561,60255,0.16,20.2
2020-09-18,"BC",6741,468845,2.12,25.5
2020-09-18,"Fraser",1751,170400,2.85,24.8
2020-09-18,"Interior",692,59236,1.2,27.6
2020-09-18,"Northern",74,17440,2.89,21.6
2020-09-18,"Unknown",1314,8322,0,29.5
2020-09-18,"Vancouver Coastal",2272,152554,2.21,25
2020-09-18,"Vancouver Island",638,60893,0.18,19.6
2020-09-19,"BC",5923,474768,2.13,24.8
2020-09-19,"Fraser",2379,172779,2.92,25.4
2020-09-19,"Interior",546,59782,1.22,30.1
2020-09-19,"Northern",202,17642,2.58,33.5
2020-09-19,"Unknown",84,8406,0,24.9
2020-09-19,"Vancouver Coastal",2176,154730,2.17,23
2020-09-19,"Vancouver Island",536,61429,0.16,21.1
2020-09-20,"BC",6008,480776,2.18,31.5
2020-09-20,"Fraser",2264,175043,3.05,33.3
2020-09-20,"Interior",593,60375,1.16,36.9
2020-09-20,"Northern",196,17838,2.27,39.3
2020-09-20,"Unknown",76,8482,0,34.6
2020-09-20,"Vancouver Coastal",2327,157057,2.2,29.9
2020-09-20,"Vancouver Island",552,61981,0.26,21.8
2020-09-21,"BC",4698,485474,2.15,30.4
2020-09-21,"Fraser",1789,176832,3,32.4
2020-09-21,"Interior",575,60950,1.05,34.4
2020-09-21,"Northern",180,18018,2.2,35.9
2020-09-21,"Unknown",47,8529,0,33.9
2020-09-21,"Vancouver Coastal",1695,158752,2.19,28.3
2020-09-21,"Vancouver Island",412,62393,0.23,21.5
2020-09-22,"BC",5932,491406,2.04,31.9
2020-09-22,"Fraser",2384,179216,2.75,30.4
2020-09-22,"Interior",779,61729,0.95,28.9
2020-09-22,"Northern",225,18243,2.33,26.7
2020-09-22,"Unknown",69,8598,0,55.6
2020-09-22,"Vancouver Coastal",1874,160626,2.17,36.9
2020-09-22,"Vancouver Island",601,62994,0.25,25.8
2020-09-23,"BC",8333,499739,2.01,32.2
2020-09-23,"Fraser",3152,182368,2.67,30.4
2020-09-23,"Interior",982,62711,0.84,30.1
2020-09-23,"Northern",426,18669,2.23,34.2
2020-09-23,"Unknown",167,8765,0,38.8
2020-09-23,"Vancouver Coastal",2948,163574,2.22,36.6
2020-09-23,"Vancouver Island",658,63652,0.25,21.5
2020-09-24,"BC",8423,508162,1.75,31
2020-09-24,"Fraser",2963,185331,2.3,32.1
2020-09-24,"Interior",991,63702,0.74,30.7
2020-09-24,"Northern",448,19117,2.11,39.8
2020-09-24,"Unknown",141,8906,0,31.6
2020-09-24,"Vancouver Coastal",3141,166715,1.93,30.9
2020-09-24,"Vancouver Island",739,64391,0.27,21.7
2020-09-25,"BC",7555,515717,1.66,40
2020-09-25,"Fraser",2512,187843,2.14,44.4
2020-09-25,"Interior",1007,64709,0.58,31
2020-09-25,"Northern",404,19521,1.83,43.3
2020-09-25,"Unknown",196,9102,0,71.6
2020-09-25,"Vancouver Coastal",2674,169389,1.88,41.5
2020-09-25,"Vancouver Island",762,65153,0.21,22.3
2020-09-26,"BC",7970,523687,1.61,32
2020-09-26,"Fraser",3262,191105,2.13,33.9
2020-09-26,"Interior",925,65634,0.53,30.6
2020-09-26,"Northern",562,20083,1.72,47.8
2020-09-26,"Unknown",134,9236,0,50.9
2020-09-26,"Vancouver Coastal",2357,171746,1.81,28.2
2020-09-26,"Vancouver Island",730,65883,0.22,21.5
2020-09-27,"BC",5083,528770,1.58,29.3
2020-09-27,"Fraser",2055,193160,2,29.8
2020-09-27,"Interior",508,66142,0.5,32.2
2020-09-27,"Northern",234,20317,1.82,35.4
2020-09-27,"Unknown",51,9287,0,46
2020-09-27,"Vancouver Coastal",1513,173259,1.89,29.7
2020-09-27,"Vancouver Island",722,66605,0.13,21.7
2020-09-28,"BC",5749,534519,1.56,26
2020-09-28,"Fraser",1988,195148,2.06,30.5
2020-09-28,"Interior",653,66795,0.46,28.2
2020-09-28,"Northern",189,20506,1.73,33.2
2020-09-28,"Unknown",71,9358,0,23.6
2020-09-28,"Vancouver Coastal",2064,175323,1.82,22.8
2020-09-28,"Vancouver Island",784,67389,0.12,19.8
2020-09-29,"BC",9754,544273,1.53,30.5
2020-09-29,"Fraser",4742,199890,1.96,29.3
2020-09-29,"Interior",868,67663,0.4,32.7
2020-09-29,"Northern",512,21018,1.44,28.8
2020-09-29,"Unknown",148,9506,0,42.9
2020-09-29,"Vancouver Coastal",2628,177951,1.85,34.6
2020-09-29,"Vancouver Island",856,68245,0.11,21.3
2020-09-30,"BC",10904,555177,1.44,52.6
2020-09-30,"Fraser",4219,204109,1.89,55.8
2020-09-30,"Interior",705,68368,0.34,36.7
2020-09-30,"Northern",482,21500,1.24,28
2020-09-30,"Unknown",280,9786,0,79.9
2020-09-30,"Vancouver Coastal",4111,182062,1.69,60.5
2020-09-30,"Vancouver Island",1107,69352,0.14,25.2
2020-10-01,"BC",11863,567040,1.47,53.7
2020-10-01,"Fraser",4573,208682,2,58.3
2020-10-01,"Interior",1352,69720,0.32,37.5
2020-10-01,"Northern",439,21939,1.17,32.1
2020-10-01,"Unknown",244,10030,0,85.8
2020-10-01,"Vancouver Coastal",4218,186280,1.63,61.1
2020-10-01,"Vancouver Island",1037,70389,0.13,26.2
2020-10-02,"BC",10942,577982,1.38,44.7
2020-10-02,"Fraser",4262,212944,1.9,46
2020-10-02,"Interior",1176,70896,0.29,36.3
2020-10-02,"Northern",430,22369,1.02,33.6
2020-10-02,"Unknown",310,10340,0,72.4
2020-10-02,"Vancouver Coastal",3686,189966,1.51,50.7
2020-10-02,"Vancouver Island",1078,71467,0.11,25
2020-10-03,"BC",11113,589095,1.32,51
2020-10-03,"Fraser",4501,217445,1.79,54.9
2020-10-03,"Interior",874,71770,0.28,35.5
2020-10-03,"Northern",440,22809,0.95,34.2
2020-10-03,"Unknown",189,10529,0,78.1
2020-10-03,"Vancouver Coastal",4077,194043,1.44,57.1
2020-10-03,"Vancouver Island",1032,72499,0.17,24.9
2020-10-04,"BC",11354,600449,1.26,44.2
2020-10-04,"Fraser",4788,222233,1.78,47.1
2020-10-04,"Interior",1124,72894,0.33,35
2020-10-04,"Northern",192,23001,0.86,36.8
2020-10-04,"Unknown",331,10860,0,55.2
2020-10-04,"Vancouver Coastal",3939,197982,1.25,47.7
2020-10-04,"Vancouver Island",980,73479,0.25,25
2020-10-05,"BC",8252,608701,1.2,38.2
2020-10-05,"Fraser",3352,225585,1.67,42.3
2020-10-05,"Interior",622,73516,0.37,35.6
2020-10-05,"Northern",169,23170,0.75,21.2
2020-10-05,"Unknown",138,10998,0,43.9
2020-10-05,"Vancouver Coastal",3133,201115,1.17,39.3
2020-10-05,"Vancouver Island",838,74317,0.27,22.1
2020-10-06,"BC",6766,615467,1.23,29.8
2020-10-06,"Fraser",2498,228083,1.82,36.9
2020-10-06,"Interior",905,74421,0.33,29.5
2020-10-06,"Northern",261,23431,0.54,26.1
2020-10-06,"Unknown",77,11075,0,28.7
2020-10-06,"Vancouver Coastal",1990,203105,1.16,26.1
2020-10-06,"Vancouver Island",1035,75352,0.28,21.4
2020-10-07,"BC",12229,627696,1.19,35.4
2020-10-07,"Fraser",5193,233276,1.75,39
2020-10-07,"Interior",741,75162,0.35,33.9
2020-10-07,"Northern",303,23734,0.72,38.5
2020-10-07,"Unknown",202,11277,0,35.1
2020-10-07,"Vancouver Coastal",4705,207810,1.11,34.2
2020-10-07,"Vancouver Island",1085,76437,0.25,23.9
2020-10-08,"BC",11225,638921,1.18,37.2
2020-10-08,"Fraser",5096,238372,1.71,41.7
2020-10-08,"Interior",1034,76196,0.36,36.1
2020-10-08,"Northern",490,24224,0.53,34.8
2020-10-08,"Unknown",138,11415,0,40.3
2020-10-08,"Vancouver Coastal",3282,211092,1.12,35.6
2020-10-08,"Vancouver Island",1185,77622,0.26,24.2
2020-10-09,"BC",13167,652088,1.27,35.9
2020-10-09,"Fraser",5250,243622,1.86,39.4
2020-10-09,"Interior",1337,77533,0.38,46.5
2020-10-09,"Northern",344,24568,0.73,33.9
2020-10-09,"Unknown",196,11611,0,34
2020-10-09,"Vancouver Coastal",4809,215901,1.17,32.2
2020-10-09,"Vancouver Island",1231,78853,0.28,24.5
2020-10-10,"BC",11115,663203,1.33,36.5
2020-10-10,"Fraser",4977,248599,1.94,41.4
2020-10-10,"Interior",1348,78881,0.35,44.8
2020-10-10,"Northern",256,24824,0.99,33.8
2020-10-10,"Unknown",165,11776,0,38.3
2020-10-10,"Vancouver Coastal",3222,219123,1.23,30.5
2020-10-10,"Vancouver Island",1147,80000,0.23,23
2020-10-11,"BC",9796,672999,1.33,35.3
2020-10-11,"Fraser",4186,252785,1.94,40
2020-10-11,"Interior",909,79790,0.35,36.6
2020-10-11,"Northern",158,24982,0.96,39.5
2020-10-11,"Unknown",169,11945,0,38.4
2020-10-11,"Vancouver Coastal",3236,222359,1.24,32.9
2020-10-11,"Vancouver Island",1138,81138,0.2,23
2020-10-12,"BC",5092,678091,1.47,27.4
2020-10-12,"Fraser",2289,255074,2.18,31
2020-10-12,"Interior",472,80262,0.33,22.5
2020-10-12,"Northern",23,25005,1.04,14.8
2020-10-12,"Unknown",55,12000,0,23.8
2020-10-12,"Vancouver Coastal",1343,223702,1.39,27.7
2020-10-12,"Vancouver Island",910,82048,0.21,20.8
2020-10-13,"BC",5446,683537,1.55,24.5
2020-10-13,"Fraser",1844,256918,2.33,29
2020-10-13,"Interior",525,80787,0.42,17.2
2020-10-13,"Northern",203,25208,1.18,48.6
2020-10-13,"Unknown",50,12050,0,29.1
2020-10-13,"Vancouver Coastal",1829,225531,1.41,21.3
2020-10-13,"Vancouver Island",995,83043,0.21,21
2020-10-14,"BC",9016,692553,1.59,23.5
2020-10-14,"Fraser",3803,260721,2.42,25.9
2020-10-14,"Interior",851,81638,0.39,21.1
2020-10-14,"Northern",165,25373,1.16,21.9
2020-10-14,"Unknown",114,12164,0,24.5
2020-10-14,"Vancouver Coastal",3061,228592,1.43,21.4
2020-10-14,"Vancouver Island",1022,84065,0.24,22.8
2020-10-15,"BC",10857,703410,1.64,29.9
2020-10-15,"Fraser",4667,265388,2.44,32.1
2020-10-15,"Interior",709,82347,0.41,24.8
2020-10-15,"Northern",251,25624,1.57,29.7
2020-10-15,"Unknown",163,12327,0,34.3
2020-10-15,"Vancouver Coastal",3777,232369,1.51,29.7
2020-10-15,"Vancouver Island",1290,85355,0.23,24.7
2020-10-16,"BC",8618,712028,1.82,31.3
2020-10-16,"Fraser",3299,268687,2.81,35
2020-10-16,"Interior",851,83198,0.49,32.3
2020-10-16,"Northern",400,26024,1.24,34.8
2020-10-16,"Unknown",130,12457,0,37.4
2020-10-16,"Vancouver Coastal",2720,235089,1.61,29.9
2020-10-16,"Vancouver Island",1218,86573,0.22,22
2020-10-17,"BC",11193,723221,1.78,33.5
2020-10-17,"Fraser",4893,273580,2.79,36.6
2020-10-17,"Interior",800,83998,0.68,34.9
2020-10-17,"Northern",264,26288,1.16,31.4
2020-10-17,"Unknown",183,12640,0,34.6
2020-10-17,"Vancouver Coastal",3762,238851,1.47,32.7
2020-10-17,"Vancouver Island",1291,87864,0.22,23.7
2020-10-18,"BC",8108,731329,1.99,35.3
2020-10-18,"Fraser",3439,277019,3.19,38.5
2020-10-18,"Interior",563,84561,0.75,47.4
2020-10-18,"Northern",78,26366,1.08,32.9
2020-10-18,"Unknown",140,12780,0,30.5
2020-10-18,"Vancouver Coastal",2833,241684,1.59,33
2020-10-18,"Vancouver Island",1055,88919,0.17,25.3
2020-10-19,"BC",5314,736643,1.97,35
2020-10-19,"Fraser",1965,278984,3.18,45.6
2020-10-19,"Interior",607,85168,0.96,38
2020-10-19,"Northern",135,26501,1.07,39.5
2020-10-19,"Unknown",48,12828,0,43
2020-10-19,"Vancouver Coastal",1584,243268,1.55,27.9
2020-10-19,"Vancouver Island",975,89894,0.14,22.3
2020-10-20,"BC",10482,747125,1.98,27.2
2020-10-20,"Fraser",4715,283699,3.24,33.3
2020-10-20,"Interior",851,86019,0.99,27.6
2020-10-20,"Northern",149,26650,1.18,29.2
2020-10-20,"Unknown",155,12983,0,25.3
2020-10-20,"Vancouver Coastal",3525,246793,1.39,21.7
2020-10-20,"Vancouver Island",1087,90981,0.11,18.5
2020-10-21,"BC",10398,757523,2.24,29.3
2020-10-21,"Fraser",4733,288432,3.7,34.6
2020-10-21,"Interior",720,86739,1.31,26.6
2020-10-21,"Northern",215,26865,1.27,32.1
2020-10-21,"Unknown",186,13169,0,31
2020-10-21,"Vancouver Coastal",3447,250240,1.46,25.2
2020-10-21,"Vancouver Island",1097,92078,0.15,19.9
2020-10-22,"BC",6582,764105,2.46,30
2020-10-22,"Fraser",2910,291342,4.04,35.9
2020-10-22,"Interior",712,87451,1.61,30.2
2020-10-22,"Northern",218,27083,1.44,34.5
2020-10-22,"Unknown",66,13235,0,32.6
2020-10-22,"Vancouver Coastal",1827,252067,1.61,25
2020-10-22,"Vancouver Island",849,92927,0.15,19.4
2020-10-23,"BC",12156,776261,2.41,32
2020-10-23,"Fraser",5810,297152,3.86,34.2
2020-10-23,"Interior",846,88297,1.75,35.4
2020-10-23,"Northern",224,27307,2.1,32.4
2020-10-23,"Unknown",210,13445,0,35.2
2020-10-23,"Vancouver Coastal",4038,256105,1.47,29.9
2020-10-23,"Vancouver Island",1028,93955,0.14,24.6
2020-10-24,"BC",9234,785495,2.74,27.6
2020-10-24,"Fraser",4596,301748,4.45,29.8
2020-10-24,"Interior",729,89026,1.69,30.8
2020-10-24,"Northern",197,27504,2.14,35
2020-10-24,"Unknown",150,13595,0,24.9
2020-10-24,"Vancouver Coastal",2796,258901,1.56,23.7
2020-10-24,"Vancouver Island",766,94721,0.13,24.6
2020-10-25,"BC",6735,792230,2.86,30.4
2020-10-25,"Fraser",3202,304950,4.64,30.7
2020-10-25,"Interior",528,89554,1.86,31.1
2020-10-25,"Northern",122,27626,2.22,28.3
2020-10-25,"Unknown",111,13706,0,32.8
2020-10-25,"Vancouver Coastal",2189,261090,1.54,31.4
2020-10-25,"Vancouver Island",583,95304,0.14,25
2020-10-26,"BC",5158,797388,3.07,22.2
2020-10-26,"Fraser",2290,307240,4.94,24.3
2020-10-26,"Interior",517,90071,2.02,19.4
2020-10-26,"Northern",139,27765,2.53,32.1
2020-10-26,"Unknown",61,13767,0,32.2
2020-10-26,"Vancouver Coastal",1460,262550,1.59,20.3
2020-10-26,"Vancouver Island",691,95995,0.16,18.4
2020-10-27,"BC",9564,806952,3.13,21.3
2020-10-27,"Fraser",4277,311517,4.98,22.7
2020-10-27,"Interior",665,90736,2.06,21.6
2020-10-27,"Northern",127,27892,2.98,16.9
2020-10-27,"Unknown",152,13919,0,20.6
2020-10-27,"Vancouver Coastal",3569,266119,1.66,19.8
2020-10-27,"Vancouver Island",774,96769,0.24,21.3
2020-10-28,"BC",10126,817078,3.11,25.8
2020-10-28,"Fraser",4553,316070,4.99,26.6
2020-10-28,"Interior",638,91374,1.88,24.8
2020-10-28,"Northern",193,28085,3.11,23.7
2020-10-28,"Unknown",156,14075,0,29.8
2020-10-28,"Vancouver Coastal",3395,269514,1.66,25.8
2020-10-28,"Vancouver Island",1191,97960,0.15,22.8
2020-10-29,"BC",10418,827496,3.14,25.9
2020-10-29,"Fraser",4516,320586,5.15,28.2
2020-10-29,"Interior",913,92287,1.61,27.7
2020-10-29,"Northern",206,28291,3.06,31.2
2020-10-29,"Unknown",164,14239,0,26.6
2020-10-29,"Vancouver Coastal",3536,273050,1.62,23.6
2020-10-29,"Vancouver Island",1083,99043,0.16,21.6
2020-10-30,"BC",9516,837012,3.46,24.9
2020-10-30,"Fraser",4469,325055,5.67,26.9
2020-10-30,"Interior",739,93026,1.54,28.3
2020-10-30,"Northern",189,28480,2.64,28.1
2020-10-30,"Unknown",131,14370,0,29
2020-10-30,"Vancouver Coastal",3052,276102,1.92,21.8
2020-10-30,"Vancouver Island",936,99979,0.23,22.1
2020-10-31,"BC",8633,845645,3.63,26.2
2020-10-31,"Fraser",4056,329111,5.88,26.9
2020-10-31,"Interior",731,93757,1.67,29.8
2020-10-31,"Northern",152,28632,2.75,36.2
2020-10-31,"Unknown",139,14509,0,26
2020-10-31,"Vancouver Coastal",2853,278955,2.16,24.1
2020-10-31,"Vancouver Island",702,100681,0.3,24.9
2020-11-01,"BC",6622,852267,3.88,31.6
2020-11-01,"Fraser",3312,332423,6.29,32.4
2020-11-01,"Interior",553,94310,1.62,33.8
2020-11-01,"Northern",92,28724,2.73,39.9
2020-11-01,"Unknown",97,14606,0,33.4
2020-11-01,"Vancouver Coastal",2079,281034,2.31,30.7
2020-11-01,"Vancouver Island",489,101170,0.38,25.8
2020-11-02,"BC",4850,857117,4.03,23.5
2020-11-02,"Fraser",2076,334499,6.5,25.8
2020-11-02,"Interior",611,94921,1.46,26.8
2020-11-02,"Northern",116,28840,2.51,34.1
2020-11-02,"Unknown",52,14658,0,29.5
2020-11-02,"Vancouver Coastal",1443,282477,2.51,22.4
2020-11-02,"Vancouver Island",552,101722,0.4,11.6
2020-11-03,"BC",9869,866986,4.2,25.4
2020-11-03,"Fraser",4372,338871,6.64,28.6
2020-11-03,"Interior",772,95693,1.59,24.6
2020-11-03,"Northern",158,28998,2.71,40.6
2020-11-03,"Unknown",158,14816,0,25.1
2020-11-03,"Vancouver Coastal",3604,286081,2.8,24.1
2020-11-03,"Vancouver Island",805,102527,0.38,11.5
2020-11-04,"BC",11017,878003,4.66,29.1
2020-11-04,"Fraser",5271,344142,7.15,31.6
2020-11-04,"Interior",706,96399,1.89,25.6
2020-11-04,"Northern",146,29144,2.74,30.1
2020-11-04,"Unknown",160,14976,0,34.6
2020-11-04,"Vancouver Coastal",3772,289853,3.23,29.1
2020-11-04,"Vancouver Island",962,103489,0.51,16.4
2020-11-05,"BC",10590,888593,4.87,27.2
2020-11-05,"Fraser",4855,348997,7.33,29.2
2020-11-05,"Interior",847,97246,2.14,25.1
2020-11-05,"Northern",201,29345,2.47,36.6
2020-11-05,"Unknown",150,15126,0,30.6
2020-11-05,"Vancouver Coastal",3506,293359,3.5,27.5
2020-11-05,"Vancouver Island",1031,104520,0.57,15.9
2020-11-06,"BC",9454,898047,4.98,27.7
2020-11-06,"Fraser",4485,353482,7.37,29.8
2020-11-06,"Interior",798,98044,2.37,24.7
2020-11-06,"Northern",151,29496,2.85,37.2
2020-11-06,"Unknown",126,15252,0,32.9
2020-11-06,"Vancouver Coastal",3071,296430,3.66,27.9
2020-11-06,"Vancouver Island",823,105343,0.56,15.8
2020-11-07,"BC",8068,906115,5.39,28
2020-11-07,"Fraser",4364,357846,7.85,30.7
2020-11-07,"Interior",719,98763,2.78,28.4
2020-11-07,"Northern",187,29683,3.33,35.2
2020-11-07,"Unknown",78,15330,0,34.6
2020-11-07,"Vancouver Coastal",2099,298529,3.93,25.8
2020-11-07,"Vancouver Island",621,105964,0.62,13.3
2020-11-08,"BC",10687,916802,5.26,36.7
2020-11-08,"Fraser",5130,362976,7.6,38.1
2020-11-08,"Interior",650,99413,3.06,27.9
2020-11-08,"Northern",107,29790,3.66,31.9
2020-11-08,"Unknown",215,15545,0,40.6
2020-11-08,"Vancouver Coastal",3828,302357,3.79,38.1
2020-11-08,"Vancouver Island",757,106721,0.72,26.9
2020-11-09,"BC",5824,922626,5.42,26.7
2020-11-09,"Fraser",2581,365557,7.74,31.2
2020-11-09,"Interior",546,99959,3.29,26.1
2020-11-09,"Northern",40,29830,3.84,34.1
2020-11-09,"Unknown",48,15593,0,38.4
2020-11-09,"Vancouver Coastal",1851,304208,3.98,25.2
2020-11-09,"Vancouver Island",758,107479,0.78,14.6
2020-11-10,"BC",10691,933317,5.86,26.1
2020-11-10,"Fraser",5358,370915,8.4,30
2020-11-10,"Interior",727,100686,3.48,23.5
2020-11-10,"Northern",97,29927,3.88,31.8
2020-11-10,"Unknown",154,15747,0,27.5
2020-11-10,"Vancouver Coastal",3510,307718,4.12,23.7
2020-11-10,"Vancouver Island",845,108324,0.91,13
2020-11-11,"BC",12442,945759,5.88,29.3
2020-11-11,"Fraser",6535,377450,8.34,30.3
2020-11-11,"Interior",618,101304,3.47,28.7
2020-11-11,"Northern",195,30122,4.29,33.4
2020-11-11,"Unknown",198,15945,0,34
2020-11-11,"Vancouver Coastal",3823,311541,4.11,31
2020-11-11,"Vancouver Island",1073,109397,0.91,15.6
2020-11-12,"BC",9480,955239,6.15,31.1
2020-11-12,"Fraser",4687,382137,8.74,32
2020-11-12,"Interior",777,102081,3.6,34.1
2020-11-12,"Northern",84,30206,4.76,41.3
2020-11-12,"Unknown",151,16096,0,36.2
2020-11-12,"Vancouver Coastal",2955,314496,4.13,33
2020-11-12,"Vancouver Island",826,110223,1.16,13.7
